DATA (YYYY-MM-DD),HORA (UTC),TEMPERATURA MÁXIMA NA HORA ANT. (AUT) (°C)
2011-01-01,11:00:00,23.4
2011-01-01,12:00:00,24.5
2011-01-01,13:00:00,26.0
2011-01-01,14:00:00,27.2
2011-01-01,15:00:00,28.2
2011-01-01,16:00:00,29.0
2011-01-01,17:00:00,29.3
2011-01-01,18:00:00,29.7
2011-01-02,11:00:00,23.5
2011-01-02,12:00:00,26.3
2011-01-02,13:00:00,29.0
2011-01-02,14:00:00,30.0
2011-01-02,15:00:00,30.9
2011-01-02,16:00:00,32.2
2011-01-02,17:00:00,31.3
2011-01-02,18:00:00,31.5
2011-01-03,11:00:00,26.4
2011-01-03,12:00:00,28.6
2011-01-03,13:00:00,30.0
2011-01-03,14:00:00,30.9
2011-01-03,15:00:00,31.4
2011-01-03,16:00:00,32.4
2011-01-03,17:00:00,33.1
2011-01-03,18:00:00,33.3
2011-01-04,10:00:00,24.5
2011-01-04,11:00:00,27.2
2011-01-04,12:00:00,28.9
2011-01-04,13:00:00,29.4
2011-01-04,14:00:00,30.3
2011-01-04,15:00:00,32.2
2011-01-04,16:00:00,32.6
2011-01-04,17:00:00,32.5
2011-01-04,18:00:00,26.9
2011-01-05,11:00:00,25.9
2011-01-05,12:00:00,28.1
2011-01-05,13:00:00,30.5
2011-01-05,14:00:00,31.1
2011-01-05,15:00:00,32.0
2011-01-05,16:00:00,32.7
2011-01-05,17:00:00,32.8
2011-01-05,18:00:00,31.8
2011-01-06,11:00:00,27.6
2011-01-06,12:00:00,28.5
2011-01-06,13:00:00,30.0
2011-01-06,14:00:00,31.3
2011-01-06,15:00:00,32.0
2011-01-06,16:00:00,32.0
2011-01-06,17:00:00,30.8
2011-01-07,11:00:00,23.3
2011-01-07,12:00:00,25.5
2011-01-07,13:00:00,27.2
2011-01-07,14:00:00,29.2
2011-01-07,15:00:00,29.6
2011-01-07,16:00:00,29.1
2011-01-07,17:00:00,28.0
2011-01-07,18:00:00,30.1
2011-01-08,11:00:00,22.1
2011-01-08,12:00:00,22.8
2011-01-08,13:00:00,23.1
2011-01-08,14:00:00,25.1
2011-01-08,15:00:00,26.6
2011-01-08,16:00:00,28.6
2011-01-08,17:00:00,27.9
2011-01-08,18:00:00,27.9
2011-01-09,11:00:00,25.7
2011-01-09,12:00:00,27.1
2011-01-09,13:00:00,28.7
2011-01-09,14:00:00,30.2
2011-01-09,15:00:00,31.2
2011-01-09,16:00:00,30.3
2011-01-09,17:00:00,25.6
2011-01-09,18:00:00,24.8
2011-01-10,11:00:00,24.7
2011-01-10,12:00:00,27.2
2011-01-10,13:00:00,26.7
2011-01-10,14:00:00,28.1
2011-01-10,15:00:00,29.4
2011-01-10,16:00:00,28.1
2011-01-10,17:00:00,28.1
2011-01-10,18:00:00,25.4
2011-01-11,11:00:00,26.3
2011-01-11,12:00:00,27.5
2011-01-11,13:00:00,28.9
2011-01-11,14:00:00,29.0
2011-01-11,15:00:00,30.3
2011-01-11,16:00:00,31.4
2011-01-11,17:00:00,32.0
2011-01-11,18:00:00,32.1
2011-01-12,11:00:00,25.7
2011-01-12,12:00:00,26.6
2011-01-12,13:00:00,27.3
2011-01-12,14:00:00,29.2
2011-01-12,15:00:00,30.5
2011-01-12,16:00:00,30.6
2011-01-12,17:00:00,30.9
2011-01-12,18:00:00,30.5
2011-01-13,11:00:00,24.4
2011-01-13,12:00:00,26.2
2011-01-13,13:00:00,29.0
2011-01-13,14:00:00,30.5
2011-01-13,15:00:00,31.3
2011-01-13,16:00:00,31.8
2011-01-13,17:00:00,31.9
2011-01-13,18:00:00,31.9
2011-01-14,11:00:00,24.7
2011-01-14,12:00:00,28.2
2011-01-14,13:00:00,29.1
2011-01-14,14:00:00,30.6
2011-01-14,15:00:00,31.9
2011-01-14,16:00:00,32.6
2011-01-14,17:00:00,32.4
2011-01-14,18:00:00,29.5
2011-01-15,11:00:00,25.9
2011-01-15,12:00:00,28.1
2011-01-15,13:00:00,29.1
2011-01-15,14:00:00,29.5
2011-01-15,15:00:00,31.1
2011-01-15,16:00:00,31.9
2011-01-15,17:00:00,30.7
2011-01-15,18:00:00,28.2
2011-01-16,11:00:00,25.7
2011-01-16,12:00:00,27.9
2011-01-16,13:00:00,28.2
2011-01-16,14:00:00,29.7
2011-01-16,15:00:00,31.2
2011-01-16,16:00:00,32.7
2011-01-16,17:00:00,32.0
2011-01-16,18:00:00,30.5
2011-01-17,11:00:00,24.5
2011-01-17,12:00:00,26.2
2011-01-17,13:00:00,26.3
2011-01-17,14:00:00,26.7
2011-01-17,15:00:00,28.4
2011-01-17,16:00:00,30.0
2011-01-17,17:00:00,30.2
2011-01-17,18:00:00,29.8
2011-01-18,11:00:00,25.5
2011-01-18,12:00:00,28.0
2011-01-18,13:00:00,29.6
2011-01-18,14:00:00,30.4
2011-01-18,15:00:00,31.3
2011-01-18,16:00:00,31.0
2011-01-18,17:00:00,29.3
2011-01-18,18:00:00,24.0
2011-01-19,11:00:00,25.9
2011-01-19,12:00:00,27.3
2011-01-19,13:00:00,29.1
2011-01-19,14:00:00,30.5
2011-01-19,15:00:00,30.0
2011-01-19,16:00:00,28.9
2011-01-19,17:00:00,28.5
2011-01-19,18:00:00,27.3
2011-01-20,11:00:00,22.9
2011-01-20,12:00:00,24.1
2011-01-20,13:00:00,25.8
2011-01-20,14:00:00,27.1
2011-01-20,15:00:00,27.4
2011-01-20,16:00:00,28.2
2011-01-20,17:00:00,28.7
2011-01-20,18:00:00,28.4
2011-01-21,11:00:00,23.8
2011-01-21,12:00:00,24.5
2011-01-21,13:00:00,24.6
2011-01-21,14:00:00,25.6
2011-01-21,15:00:00,26.4
2011-01-21,16:00:00,27.2
2011-01-21,17:00:00,27.1
2011-01-21,18:00:00,28.0
2011-01-22,11:00:00,22.6
2011-01-22,12:00:00,23.5
2011-01-22,13:00:00,25.2
2011-01-22,14:00:00,25.9
2011-01-22,15:00:00,26.6
2011-01-22,16:00:00,28.5
2011-01-22,17:00:00,27.0
2011-01-22,18:00:00,28.0
2011-01-23,11:00:00,24.0
2011-01-23,12:00:00,25.4
2011-01-23,13:00:00,27.3
2011-01-23,14:00:00,29.1
2011-01-23,15:00:00,29.5
2011-01-23,16:00:00,30.9
2011-01-23,17:00:00,31.4
2011-01-23,18:00:00,31.9
2011-01-24,11:00:00,24.8
2011-01-24,12:00:00,25.7
2011-01-24,13:00:00,27.5
2011-01-24,14:00:00,27.9
2011-01-24,15:00:00,26.0
2011-01-24,16:00:00,26.1
2011-01-24,17:00:00,25.3
2011-01-24,18:00:00,25.7
2011-01-25,13:00:00,23.7
2011-01-25,14:00:00,24.9
2011-01-25,15:00:00,25.2
2011-01-25,16:00:00,24.8
2011-01-25,17:00:00,25.8
2011-01-25,18:00:00,25.9
2011-01-26,12:00:00,23.5
2011-01-26,13:00:00,24.8
2011-01-26,14:00:00,28.6
2011-01-26,15:00:00,29.1
2011-01-26,16:00:00,29.6
2011-01-26,17:00:00,30.7
2011-01-26,18:00:00,30.4
2011-01-27,11:00:00,24.1
2011-01-27,12:00:00,27.4
2011-01-27,13:00:00,28.4
2011-01-27,14:00:00,29.9
2011-01-27,15:00:00,31.3
2011-01-27,16:00:00,32.2
2011-01-27,17:00:00,33.2
2011-01-27,18:00:00,32.8
2011-01-28,11:00:00,25.0
2011-01-28,12:00:00,25.9
2011-01-28,13:00:00,28.0
2011-01-28,14:00:00,30.0
2011-01-28,15:00:00,30.9
2011-01-28,16:00:00,31.3
2011-01-28,17:00:00,31.3
2011-01-28,18:00:00,30.8
2011-01-29,11:00:00,23.4
2011-01-29,12:00:00,23.6
2011-01-29,13:00:00,25.3
2011-01-29,14:00:00,28.0
2011-01-29,15:00:00,28.2
2011-01-29,16:00:00,25.5
2011-01-29,18:00:00,25.4
2011-01-30,11:00:00,25.2
2011-01-30,12:00:00,27.1
2011-01-30,13:00:00,29.2
2011-01-30,14:00:00,29.5
2011-01-30,15:00:00,29.8
2011-01-30,16:00:00,31.0
2011-01-30,17:00:00,29.3
2011-01-30,18:00:00,29.3
2011-01-31,11:00:00,25.6
2011-01-31,12:00:00,27.4
2011-01-31,13:00:00,28.7
2011-01-31,14:00:00,30.3
2011-01-31,15:00:00,31.3
2011-01-31,16:00:00,32.6
2011-01-31,17:00:00,32.3
2011-01-31,18:00:00,32.2
2011-02-01,11:00:00,24.3
2011-02-01,12:00:00,26.3
2011-02-01,13:00:00,29.4
2011-02-01,14:00:00,30.0
2011-02-01,15:00:00,30.5
2011-02-01,16:00:00,30.4
2011-02-01,17:00:00,32.0
2011-02-01,18:00:00,32.1
2011-02-02,11:00:00,23.9
2011-02-02,12:00:00,25.8
2011-02-02,13:00:00,28.0
2011-02-02,14:00:00,29.4
2011-02-02,15:00:00,30.6
2011-02-02,16:00:00,30.9
2011-02-02,17:00:00,24.3
2011-02-02,18:00:00,24.9
2011-02-03,11:00:00,25.1
2011-02-03,12:00:00,25.9
2011-02-03,13:00:00,27.5
2011-02-03,14:00:00,28.8
2011-02-03,15:00:00,30.3
2011-02-03,16:00:00,31.4
2011-02-03,17:00:00,31.7
2011-02-03,18:00:00,31.3
2011-02-04,11:00:00,25.9
2011-02-04,12:00:00,27.7
2011-02-04,13:00:00,28.9
2011-02-04,14:00:00,30.1
2011-02-04,15:00:00,31.0
2011-02-04,16:00:00,30.8
2011-02-04,17:00:00,31.3
2011-02-04,18:00:00,29.2
2011-02-05,11:00:00,24.6
2011-02-05,12:00:00,26.6
2011-02-05,13:00:00,28.8
2011-02-05,14:00:00,30.1
2011-02-05,15:00:00,30.8
2011-02-05,16:00:00,31.0
2011-02-05,17:00:00,32.0
2011-02-05,18:00:00,30.5
2011-02-06,11:00:00,24.4
2011-02-06,12:00:00,26.9
2011-02-06,13:00:00,28.1
2011-02-06,14:00:00,30.4
2011-02-06,15:00:00,30.6
2011-02-06,16:00:00,27.0
2011-02-07,11:00:00,23.7
2011-02-07,12:00:00,24.3
2011-02-07,13:00:00,25.3
2011-02-07,14:00:00,25.8
2011-02-07,15:00:00,26.6
2011-02-07,16:00:00,27.3
2011-02-07,17:00:00,27.5
2011-02-07,18:00:00,28.1
2011-02-08,11:00:00,25.5
2011-02-08,12:00:00,28.2
2011-02-08,13:00:00,29.3
2011-02-08,14:00:00,30.3
2011-02-08,15:00:00,31.3
2011-02-08,16:00:00,31.9
2011-02-08,17:00:00,33.1
2011-02-08,18:00:00,33.1
2011-02-09,11:00:00,27.0
2011-02-09,12:00:00,27.6
2011-02-09,13:00:00,29.3
2011-02-09,14:00:00,30.9
2011-02-09,15:00:00,32.2
2011-02-09,16:00:00,32.0
2011-02-09,17:00:00,32.8
2011-02-09,18:00:00,33.2
2011-02-10,11:00:00,26.2
2011-02-10,12:00:00,28.5
2011-02-10,13:00:00,28.8
2011-02-10,14:00:00,29.9
2011-02-10,15:00:00,29.1
2011-02-10,16:00:00,28.9
2011-02-10,17:00:00,29.9
2011-02-10,18:00:00,29.8
2011-02-11,11:00:00,24.2
2011-02-11,12:00:00,25.7
2011-02-11,13:00:00,29.1
2011-02-11,14:00:00,30.5
2011-02-11,15:00:00,30.9
2011-02-11,16:00:00,31.4
2011-02-11,17:00:00,31.3
2011-02-11,18:00:00,31.5
2011-02-12,11:00:00,24.2
2011-02-12,12:00:00,26.4
2011-02-12,13:00:00,28.4
2011-02-12,14:00:00,29.3
2011-02-12,15:00:00,30.2
2011-02-12,16:00:00,31.0
2011-02-12,17:00:00,29.7
2011-02-12,18:00:00,25.5
2011-02-13,11:00:00,24.7
2011-02-13,12:00:00,26.1
2011-02-13,13:00:00,26.9
2011-02-13,14:00:00,27.7
2011-02-13,15:00:00,30.0
2011-02-13,16:00:00,31.4
2011-02-13,17:00:00,32.1
2011-02-13,18:00:00,31.2
2011-02-14,11:00:00,25.9
2011-02-14,12:00:00,27.1
2011-02-14,13:00:00,27.7
2011-02-14,14:00:00,25.7
2011-02-14,15:00:00,26.2
2011-02-14,16:00:00,26.5
2011-02-14,17:00:00,27.1
2011-02-14,18:00:00,27.4
2011-02-15,13:00:00,23.9
2011-02-15,14:00:00,24.2
2011-02-15,15:00:00,24.7
2011-02-15,16:00:00,24.9
2011-02-15,17:00:00,24.8
2011-02-15,18:00:00,23.4
2011-02-16,12:00:00,24.2
2011-02-16,13:00:00,24.7
2011-02-16,14:00:00,25.4
2011-02-16,15:00:00,25.6
2011-02-16,16:00:00,26.1
2011-02-16,17:00:00,26.0
2011-02-16,18:00:00,26.1
2011-02-17,11:00:00,24.4
2011-02-17,12:00:00,25.8
2011-02-17,13:00:00,27.7
2011-02-17,14:00:00,29.2
2011-02-17,15:00:00,29.9
2011-02-17,16:00:00,30.1
2011-02-17,17:00:00,32.3
2011-02-17,18:00:00,30.9
2011-02-18,11:00:00,24.1
2011-02-18,12:00:00,27.3
2011-02-18,13:00:00,27.8
2011-02-18,14:00:00,29.5
2011-02-18,15:00:00,30.9
2011-02-18,16:00:00,31.5
2011-02-18,17:00:00,30.6
2011-02-18,18:00:00,27.4
2011-02-19,11:00:00,22.6
2011-02-19,12:00:00,23.3
2011-02-19,13:00:00,25.0
2011-02-19,14:00:00,27.0
2011-02-19,15:00:00,28.4
2011-02-19,16:00:00,29.4
2011-02-19,17:00:00,29.4
2011-02-19,18:00:00,29.5
2011-02-20,12:00:00,27.2
2011-02-20,13:00:00,28.4
2011-02-20,14:00:00,29.6
2011-02-20,15:00:00,30.4
2011-02-20,16:00:00,30.6
2011-02-20,17:00:00,31.8
2011-02-20,18:00:00,32.3
2011-02-21,11:00:00,24.9
2011-02-21,12:00:00,25.7
2011-02-21,13:00:00,27.5
2011-02-21,14:00:00,29.9
2011-02-21,15:00:00,30.6
2011-02-21,16:00:00,31.7
2011-02-21,17:00:00,32.0
2011-02-21,18:00:00,31.5
2011-02-22,11:00:00,24.5
2011-02-22,12:00:00,26.5
2011-02-22,13:00:00,28.6
2011-02-22,14:00:00,28.9
2011-02-22,15:00:00,30.0
2011-02-22,16:00:00,30.6
2011-02-22,17:00:00,27.7
2011-02-22,18:00:00,27.9
2011-02-23,11:00:00,26.6
2011-02-23,12:00:00,28.1
2011-02-23,13:00:00,30.0
2011-02-23,14:00:00,30.9
2011-02-23,15:00:00,31.7
2011-02-23,16:00:00,31.9
2011-02-23,17:00:00,29.8
2011-02-23,18:00:00,28.2
2011-02-24,11:00:00,24.5
2011-02-24,12:00:00,25.4
2011-02-24,13:00:00,26.8
2011-02-24,14:00:00,27.9
2011-02-24,15:00:00,29.9
2011-02-24,16:00:00,30.3
2011-02-24,17:00:00,30.8
2011-02-24,18:00:00,30.6
2011-02-25,12:00:00,25.3
2011-02-25,13:00:00,27.2
2011-02-25,14:00:00,28.5
2011-02-25,15:00:00,29.4
2011-02-25,16:00:00,29.0
2011-02-25,17:00:00,26.8
2011-02-26,13:00:00,27.4
2011-02-26,14:00:00,28.9
2011-02-26,15:00:00,30.4
2011-03-10,12:00:00,27.6
2011-03-10,13:00:00,29.6
2011-03-10,15:00:00,31.5
2011-03-12,13:00:00,27.7
2011-03-12,15:00:00,28.4
2011-03-12,16:00:00,29.5
2011-03-13,14:00:00,27.0
2011-03-13,15:00:00,28.6
2011-03-14,13:00:00,28.3
2011-03-14,14:00:00,29.4
2011-03-14,15:00:00,30.4
2011-03-14,16:00:00,30.7
2011-03-15,14:00:00,30.7
2011-03-16,12:00:00,27.9
2011-03-16,14:00:00,30.0
2011-03-16,17:00:00,28.8
2011-03-17,12:00:00,27.1
2011-03-17,14:00:00,29.4
2011-03-18,14:00:00,28.4
2011-03-18,15:00:00,30.5
2011-03-18,16:00:00,31.0
2011-03-18,18:00:00,31.9
2011-03-19,13:00:00,29.0
2011-03-19,17:00:00,32.9
2011-03-20,15:00:00,31.1
2011-03-20,16:00:00,32.0
2011-03-21,12:00:00,27.4
2011-03-21,16:00:00,31.8
2011-06-03,13:00:00,30.3
2011-06-03,14:00:00,30.8
2011-06-03,15:00:00,30.9
2011-06-03,16:00:00,31.7
2011-06-03,17:00:00,31.9
2011-06-03,18:00:00,32.1
2011-06-04,08:00:00,23.7
2011-06-04,09:00:00,24.1
2011-06-04,10:00:00,24.0
2011-06-04,11:00:00,24.5
2011-06-04,12:00:00,25.2
2011-06-04,13:00:00,25.7
2011-06-04,14:00:00,26.0
2011-06-04,15:00:00,27.5
2011-06-04,16:00:00,28.4
2011-06-04,17:00:00,29.3
2011-06-04,18:00:00,29.3
2011-06-05,08:00:00,21.4
2011-06-05,09:00:00,21.2
2011-06-05,10:00:00,21.5
2011-06-05,11:00:00,24.8
2011-06-05,12:00:00,27.7
2011-06-05,13:00:00,29.4
2011-06-05,14:00:00,30.3
2011-06-05,15:00:00,31.2
2011-06-05,16:00:00,31.9
2011-06-05,17:00:00,32.4
2011-06-05,18:00:00,32.9
2011-06-06,08:00:00,22.8
2011-06-06,09:00:00,22.3
2011-06-06,10:00:00,22.7
2011-06-06,11:00:00,26.9
2011-06-06,12:00:00,28.8
2011-06-06,13:00:00,30.0
2011-06-06,14:00:00,31.0
2011-06-06,15:00:00,31.8
2011-06-06,16:00:00,32.4
2011-06-06,17:00:00,32.4
2011-06-06,18:00:00,32.8
2011-06-07,08:00:00,22.8
2011-06-07,09:00:00,22.7
2011-06-07,10:00:00,22.5
2011-06-07,11:00:00,25.1
2011-06-07,12:00:00,27.3
2011-06-07,13:00:00,29.2
2011-06-07,14:00:00,30.4
2011-06-07,15:00:00,31.7
2011-06-07,16:00:00,31.7
2011-06-07,17:00:00,32.4
2011-06-07,18:00:00,32.1
2011-06-08,08:00:00,23.8
2011-06-08,09:00:00,24.0
2011-06-08,10:00:00,25.0
2011-06-08,11:00:00,26.9
2011-06-08,12:00:00,28.7
2011-06-08,13:00:00,29.4
2011-06-08,14:00:00,30.6
2011-06-08,15:00:00,31.4
2011-06-08,16:00:00,31.5
2011-06-08,17:00:00,32.3
2011-06-08,18:00:00,32.9
2011-06-09,08:00:00,24.3
2011-06-09,09:00:00,24.6
2011-06-09,10:00:00,25.6
2011-06-09,11:00:00,26.8
2011-06-09,12:00:00,29.0
2011-06-09,13:00:00,30.4
2011-06-09,14:00:00,31.1
2011-06-09,15:00:00,30.5
2011-06-09,16:00:00,28.0
2011-06-09,17:00:00,28.9
2011-06-09,18:00:00,29.7
2011-06-10,08:00:00,24.1
2011-06-10,09:00:00,24.0
2011-06-10,10:00:00,24.6
2011-06-10,11:00:00,26.4
2011-06-10,12:00:00,28.0
2011-06-10,13:00:00,29.8
2011-06-10,14:00:00,30.5
2011-06-10,15:00:00,31.6
2011-06-10,16:00:00,32.1
2011-06-10,17:00:00,32.5
2011-06-10,18:00:00,32.7
2011-06-11,08:00:00,23.1
2011-06-11,09:00:00,23.0
2011-06-11,10:00:00,24.0
2011-06-11,11:00:00,26.5
2011-06-11,12:00:00,27.5
2011-06-11,13:00:00,29.6
2011-06-11,14:00:00,30.8
2011-06-11,15:00:00,31.6
2011-06-11,16:00:00,31.7
2011-06-11,17:00:00,32.0
2011-06-11,18:00:00,32.7
2011-06-12,08:00:00,23.4
2011-06-12,09:00:00,23.2
2011-06-12,10:00:00,23.4
2011-06-12,11:00:00,25.7
2011-06-12,12:00:00,27.8
2011-06-12,13:00:00,29.3
2011-06-12,14:00:00,30.1
2011-06-12,15:00:00,31.1
2011-06-12,16:00:00,32.0
2011-06-12,17:00:00,32.1
2011-06-12,18:00:00,32.1
2011-06-13,08:00:00,24.0
2011-06-13,09:00:00,23.0
2011-06-13,10:00:00,24.0
2011-06-13,11:00:00,26.3
2011-06-13,12:00:00,28.4
2011-06-13,13:00:00,29.5
2011-06-13,14:00:00,30.4
2011-06-13,15:00:00,31.6
2011-06-13,16:00:00,32.1
2011-06-13,17:00:00,32.2
2011-06-13,18:00:00,32.9
2011-06-14,08:00:00,23.4
2011-06-14,09:00:00,22.9
2011-06-14,10:00:00,23.4
2011-06-14,11:00:00,26.9
2011-06-14,12:00:00,28.2
2011-06-14,13:00:00,29.3
2011-06-14,14:00:00,30.7
2011-06-14,15:00:00,31.1
2011-06-14,16:00:00,32.2
2011-06-14,17:00:00,31.7
2011-06-14,18:00:00,31.7
2011-06-15,08:00:00,23.8
2011-06-15,09:00:00,23.7
2011-06-15,10:00:00,23.2
2011-06-15,11:00:00,26.0
2011-06-15,12:00:00,28.2
2011-06-15,13:00:00,29.5
2011-06-15,14:00:00,30.6
2011-06-15,15:00:00,31.4
2011-06-15,16:00:00,32.0
2011-06-15,17:00:00,31.9
2011-06-15,18:00:00,32.6
2011-06-16,08:00:00,23.9
2011-06-16,09:00:00,24.0
2011-06-16,10:00:00,24.5
2011-06-16,11:00:00,27.2
2011-06-16,12:00:00,28.8
2011-06-16,13:00:00,29.7
2011-06-16,14:00:00,30.9
2011-06-16,15:00:00,31.2
2011-06-16,16:00:00,31.7
2011-06-16,17:00:00,32.0
2011-06-16,18:00:00,32.1
2011-06-17,08:00:00,22.9
2011-06-17,09:00:00,22.4
2011-06-17,10:00:00,22.7
2011-06-17,11:00:00,24.7
2011-06-17,12:00:00,26.6
2011-06-17,13:00:00,28.8
2011-06-17,14:00:00,30.1
2011-06-17,15:00:00,31.0
2011-06-17,16:00:00,31.7
2011-06-17,17:00:00,31.3
2011-06-17,18:00:00,30.8
2011-06-18,08:00:00,23.7
2011-06-18,09:00:00,23.7
2011-06-18,10:00:00,24.3
2011-06-18,11:00:00,26.6
2011-06-18,12:00:00,28.3
2011-06-18,13:00:00,30.0
2011-06-18,14:00:00,30.9
2011-06-18,15:00:00,31.3
2011-06-18,16:00:00,32.1
2011-06-18,17:00:00,31.6
2011-06-18,18:00:00,31.8
2011-06-19,08:00:00,24.3
2011-06-19,09:00:00,24.4
2011-06-19,10:00:00,24.4
2011-06-19,11:00:00,27.2
2011-06-19,12:00:00,28.5
2011-06-19,13:00:00,29.7
2011-06-19,14:00:00,31.1
2011-06-19,15:00:00,32.0
2011-06-19,16:00:00,32.5
2011-06-19,17:00:00,33.0
2011-06-19,18:00:00,33.0
2011-06-20,08:00:00,24.5
2011-06-20,09:00:00,23.6
2011-06-20,10:00:00,24.1
2011-06-20,11:00:00,26.5
2011-06-20,12:00:00,27.8
2011-06-20,13:00:00,29.8
2011-06-20,14:00:00,30.3
2011-06-20,15:00:00,30.8
2011-06-20,16:00:00,30.8
2011-06-20,17:00:00,31.3
2011-06-20,18:00:00,29.8
2011-06-21,08:00:00,23.6
2011-06-21,09:00:00,23.2
2011-06-21,10:00:00,23.0
2011-06-21,11:00:00,23.6
2011-06-21,12:00:00,25.1
2011-06-21,13:00:00,27.6
2011-06-21,14:00:00,29.9
2011-06-21,15:00:00,30.8
2011-06-21,16:00:00,31.3
2011-06-21,17:00:00,31.6
2011-06-21,18:00:00,32.2
2011-06-22,08:00:00,22.0
2011-06-22,09:00:00,21.8
2011-06-22,10:00:00,22.0
2011-06-22,11:00:00,23.8
2011-06-22,12:00:00,28.0
2011-06-22,13:00:00,29.1
2011-06-22,14:00:00,30.1
2011-06-22,15:00:00,31.1
2011-06-22,16:00:00,31.9
2011-06-22,17:00:00,31.8
2011-06-22,18:00:00,32.0
2011-06-23,08:00:00,22.6
2011-06-23,09:00:00,22.0
2011-06-23,10:00:00,23.9
2011-06-23,11:00:00,26.5
2011-06-23,12:00:00,28.0
2011-06-23,13:00:00,30.0
2011-06-23,14:00:00,30.5
2011-06-23,15:00:00,31.6
2011-06-23,16:00:00,31.8
2011-06-23,17:00:00,32.4
2011-06-23,18:00:00,32.6
2011-06-24,08:00:00,22.4
2011-06-24,09:00:00,22.4
2011-06-24,10:00:00,23.2
2011-06-24,11:00:00,25.7
2011-06-24,12:00:00,27.5
2011-06-24,13:00:00,29.2
2011-06-24,14:00:00,29.9
2011-06-24,15:00:00,29.6
2011-06-24,16:00:00,31.2
2011-06-24,17:00:00,31.3
2011-06-24,18:00:00,30.7
2011-06-25,08:00:00,22.0
2011-06-25,09:00:00,22.1
2011-06-25,10:00:00,22.6
2011-06-25,11:00:00,24.9
2011-06-25,12:00:00,27.6
2011-06-25,13:00:00,29.1
2011-06-25,14:00:00,29.5
2011-06-25,15:00:00,29.7
2011-06-25,16:00:00,30.9
2011-06-25,17:00:00,31.3
2011-06-25,18:00:00,31.6
2011-06-26,08:00:00,23.4
2011-06-26,09:00:00,23.3
2011-06-26,10:00:00,22.9
2011-06-26,11:00:00,25.3
2011-06-26,12:00:00,27.4
2011-06-26,13:00:00,29.1
2011-06-26,14:00:00,29.7
2011-06-26,15:00:00,30.9
2011-06-26,16:00:00,31.4
2011-06-26,17:00:00,32.2
2011-06-26,18:00:00,32.0
2011-06-27,08:00:00,23.2
2011-06-27,09:00:00,22.9
2011-06-27,10:00:00,22.8
2011-06-27,11:00:00,25.6
2011-06-27,12:00:00,28.3
2011-06-27,13:00:00,29.7
2011-06-27,14:00:00,30.0
2011-06-27,15:00:00,31.5
2011-06-27,16:00:00,31.9
2011-06-27,17:00:00,32.3
2011-06-27,18:00:00,32.3
2011-06-28,08:00:00,23.5
2011-06-28,09:00:00,23.2
2011-06-28,10:00:00,23.5
2011-06-28,11:00:00,24.5
2011-06-28,12:00:00,26.1
2011-06-28,13:00:00,27.2
2011-06-28,14:00:00,28.2
2011-06-28,15:00:00,28.5
2011-06-28,16:00:00,31.1
2011-06-28,17:00:00,31.6
2011-06-28,18:00:00,32.1
2011-06-29,08:00:00,24.0
2011-06-29,09:00:00,23.7
2011-06-29,10:00:00,23.8
2011-06-29,11:00:00,26.5
2011-06-29,12:00:00,28.6
2011-06-29,13:00:00,29.4
2011-06-29,14:00:00,30.5
2011-06-29,15:00:00,31.1
2011-06-29,16:00:00,31.9
2011-06-29,17:00:00,31.9
2011-06-29,18:00:00,32.3
2011-06-30,08:00:00,21.4
2011-06-30,09:00:00,21.3
2011-06-30,10:00:00,22.1
2011-06-30,11:00:00,25.9
2011-06-30,12:00:00,28.0
2011-06-30,13:00:00,29.3
2011-06-30,14:00:00,30.0
2011-06-30,15:00:00,30.8
2011-06-30,16:00:00,31.8
2011-06-30,17:00:00,32.4
2011-06-30,18:00:00,31.7
2011-07-01,08:00:00,22.5
2011-07-01,09:00:00,22.2
2011-07-01,10:00:00,22.9
2011-07-01,11:00:00,26.3
2011-07-01,12:00:00,27.5
2011-07-01,13:00:00,28.1
2011-07-01,14:00:00,29.1
2011-07-01,15:00:00,28.4
2011-07-01,16:00:00,30.4
2011-07-01,17:00:00,30.7
2011-07-01,18:00:00,31.6
2011-07-02,08:00:00,23.7
2011-07-02,09:00:00,23.9
2011-07-02,10:00:00,23.9
2011-07-02,11:00:00,24.2
2011-07-02,12:00:00,26.0
2011-07-02,13:00:00,26.8
2011-07-02,14:00:00,28.6
2011-07-02,15:00:00,28.9
2011-07-02,16:00:00,30.2
2011-07-02,17:00:00,30.2
2011-07-02,18:00:00,31.0
2011-07-03,08:00:00,22.6
2011-07-03,09:00:00,22.4
2011-07-03,10:00:00,22.8
2011-07-03,11:00:00,25.7
2011-07-03,12:00:00,28.8
2011-07-03,13:00:00,29.2
2011-07-03,14:00:00,30.4
2011-07-03,15:00:00,31.6
2011-07-03,16:00:00,32.0
2011-07-03,17:00:00,32.4
2011-07-03,18:00:00,33.0
2011-07-04,08:00:00,22.6
2011-07-04,09:00:00,22.3
2011-07-04,10:00:00,22.4
2011-07-04,11:00:00,26.5
2011-07-04,12:00:00,27.8
2011-07-04,13:00:00,28.8
2011-07-04,14:00:00,30.9
2011-07-04,15:00:00,31.0
2011-07-04,16:00:00,31.8
2011-07-04,17:00:00,32.5
2011-07-04,18:00:00,32.5
2011-07-05,08:00:00,23.2
2011-07-05,09:00:00,23.2
2011-07-05,10:00:00,23.2
2011-07-05,11:00:00,23.8
2011-07-05,12:00:00,26.5
2011-07-05,13:00:00,27.6
2011-07-05,14:00:00,29.1
2011-07-05,15:00:00,30.3
2011-07-05,16:00:00,30.5
2011-07-05,17:00:00,29.7
2011-07-05,18:00:00,27.2
2011-07-06,08:00:00,21.9
2011-07-06,09:00:00,21.8
2011-07-06,10:00:00,22.0
2011-07-06,11:00:00,24.0
2011-07-06,12:00:00,26.8
2011-07-06,13:00:00,28.1
2011-07-06,14:00:00,29.9
2011-07-06,15:00:00,30.4
2011-07-06,16:00:00,30.6
2011-07-06,17:00:00,31.5
2011-07-06,18:00:00,31.6
2011-07-07,08:00:00,23.2
2011-07-07,09:00:00,23.2
2011-07-07,10:00:00,23.0
2011-07-07,11:00:00,25.9
2011-07-07,12:00:00,27.7
2011-07-07,13:00:00,29.6
2011-07-07,14:00:00,29.7
2011-07-07,15:00:00,30.5
2011-07-07,16:00:00,31.2
2011-07-07,17:00:00,31.6
2011-07-07,18:00:00,32.1
2011-07-08,08:00:00,22.4
2011-07-08,09:00:00,22.5
2011-07-08,10:00:00,22.9
2011-07-08,11:00:00,25.2
2011-07-08,12:00:00,27.2
2011-07-08,13:00:00,29.4
2011-07-08,14:00:00,30.3
2011-07-08,15:00:00,31.2
2011-07-08,16:00:00,31.7
2011-07-08,17:00:00,32.2
2011-07-08,18:00:00,32.2
2011-07-09,08:00:00,21.9
2011-07-09,09:00:00,22.0
2011-07-09,10:00:00,22.3
2011-07-09,11:00:00,23.5
2011-07-09,12:00:00,24.9
2011-07-09,13:00:00,26.1
2011-07-09,14:00:00,27.6
2011-07-09,15:00:00,29.4
2011-07-09,16:00:00,31.0
2011-07-09,17:00:00,32.2
2011-07-09,18:00:00,32.0
2011-07-10,08:00:00,22.4
2011-07-10,09:00:00,22.3
2011-07-10,10:00:00,22.3
2011-07-10,11:00:00,25.0
2011-07-10,12:00:00,26.9
2011-07-10,13:00:00,29.0
2011-07-10,14:00:00,29.8
2011-07-10,15:00:00,30.6
2011-07-10,16:00:00,31.6
2011-07-10,17:00:00,32.2
2011-07-10,18:00:00,32.1
2011-07-11,08:00:00,23.6
2011-07-11,09:00:00,23.2
2011-07-11,10:00:00,23.2
2011-07-11,11:00:00,25.9
2011-07-11,12:00:00,27.8
2011-07-11,13:00:00,29.2
2011-07-11,14:00:00,30.5
2011-07-11,15:00:00,31.2
2011-07-11,16:00:00,31.7
2011-07-11,17:00:00,32.2
2011-07-11,18:00:00,32.0
2011-07-12,08:00:00,24.5
2011-07-12,09:00:00,24.4
2011-07-12,10:00:00,24.3
2011-07-12,11:00:00,26.7
2011-07-12,12:00:00,28.2
2011-07-12,13:00:00,29.0
2011-07-12,14:00:00,30.0
2011-07-12,15:00:00,30.2
2011-07-12,16:00:00,30.8
2011-07-12,17:00:00,31.5
2011-07-12,18:00:00,26.9
2011-07-13,08:00:00,22.5
2011-07-13,09:00:00,22.5
2011-07-13,10:00:00,22.6
2011-07-13,11:00:00,25.7
2011-07-13,12:00:00,27.4
2011-07-13,13:00:00,28.9
2011-07-13,14:00:00,29.8
2011-07-13,15:00:00,30.8
2011-07-13,16:00:00,30.9
2011-07-13,17:00:00,31.6
2011-07-13,18:00:00,31.9
2011-07-14,08:00:00,23.8
2011-07-14,09:00:00,23.6
2011-07-14,10:00:00,23.2
2011-07-14,11:00:00,25.9
2011-07-14,12:00:00,28.0
2011-07-14,13:00:00,29.5
2011-07-14,14:00:00,30.7
2011-07-14,15:00:00,31.4
2011-07-14,16:00:00,31.8
2011-07-14,17:00:00,32.4
2011-07-14,18:00:00,32.5
2011-07-15,08:00:00,23.9
2011-07-15,09:00:00,23.6
2011-07-15,10:00:00,23.8
2011-07-15,11:00:00,26.2
2011-07-15,12:00:00,27.7
2011-07-15,13:00:00,29.2
2011-07-15,14:00:00,30.8
2011-07-15,15:00:00,31.2
2011-07-15,16:00:00,32.2
2011-07-15,17:00:00,32.6
2011-07-15,18:00:00,32.6
2011-07-16,08:00:00,23.4
2011-07-16,09:00:00,23.6
2011-07-16,10:00:00,23.8
2011-07-16,11:00:00,26.2
2011-07-16,12:00:00,28.3
2011-07-16,13:00:00,29.8
2011-07-16,14:00:00,30.7
2011-07-16,15:00:00,31.0
2011-07-16,16:00:00,32.0
2011-07-16,17:00:00,32.5
2011-07-16,18:00:00,32.3
2011-07-17,08:00:00,24.0
2011-07-17,09:00:00,23.7
2011-07-17,10:00:00,24.2
2011-07-17,11:00:00,26.4
2011-07-17,12:00:00,28.0
2011-07-17,13:00:00,29.4
2011-07-17,14:00:00,30.7
2011-07-17,15:00:00,31.4
2011-07-17,16:00:00,31.5
2011-07-17,17:00:00,31.7
2011-07-17,18:00:00,30.2
2011-07-18,08:00:00,22.9
2011-07-18,09:00:00,23.0
2011-07-18,10:00:00,23.8
2011-07-18,11:00:00,25.6
2011-07-18,12:00:00,27.5
2011-07-18,13:00:00,29.1
2011-07-18,14:00:00,29.6
2011-07-18,15:00:00,31.2
2011-07-18,16:00:00,31.5
2011-07-18,17:00:00,32.8
2011-07-18,18:00:00,32.3
2011-07-19,08:00:00,24.0
2011-07-19,09:00:00,23.3
2011-07-19,10:00:00,23.9
2011-07-19,11:00:00,26.4
2011-07-19,12:00:00,28.1
2011-07-19,13:00:00,29.5
2011-07-19,14:00:00,31.2
2011-07-19,15:00:00,31.7
2011-07-19,16:00:00,32.6
2011-07-19,17:00:00,33.1
2011-07-19,18:00:00,33.1
2011-07-20,08:00:00,24.3
2011-07-20,09:00:00,24.2
2011-07-20,10:00:00,24.8
2011-07-20,11:00:00,26.5
2011-07-20,12:00:00,28.2
2011-07-20,13:00:00,29.5
2011-07-20,14:00:00,30.8
2011-07-20,15:00:00,31.5
2011-07-20,16:00:00,32.3
2011-07-20,17:00:00,32.7
2011-07-20,18:00:00,33.1
2011-07-21,08:00:00,23.5
2011-07-21,09:00:00,23.5
2011-07-21,10:00:00,22.4
2011-07-21,11:00:00,23.6
2011-07-21,12:00:00,25.3
2011-07-21,13:00:00,27.4
2011-07-21,14:00:00,29.4
2011-07-21,15:00:00,30.9
2011-07-21,16:00:00,32.0
2011-07-21,17:00:00,32.1
2011-07-21,18:00:00,31.8
2011-07-22,08:00:00,22.3
2011-07-22,09:00:00,22.2
2011-07-22,10:00:00,22.8
2011-07-22,11:00:00,25.6
2011-07-22,12:00:00,27.8
2011-07-22,13:00:00,29.2
2011-07-22,14:00:00,30.7
2011-07-22,15:00:00,31.5
2011-07-22,16:00:00,31.7
2011-07-22,17:00:00,31.8
2011-07-22,18:00:00,31.6
2011-07-23,08:00:00,23.7
2011-07-23,09:00:00,23.7
2011-07-23,10:00:00,24.5
2011-07-23,11:00:00,26.5
2011-07-23,12:00:00,28.3
2011-07-23,13:00:00,29.2
2011-07-23,14:00:00,30.6
2011-07-23,15:00:00,31.3
2011-07-23,16:00:00,32.5
2011-07-23,17:00:00,33.2
2011-07-23,18:00:00,33.6
2011-07-24,08:00:00,23.7
2011-07-24,09:00:00,23.5
2011-07-24,10:00:00,23.8
2011-07-24,11:00:00,25.2
2011-07-24,12:00:00,27.7
2011-07-24,13:00:00,28.5
2011-07-24,14:00:00,30.5
2011-07-24,15:00:00,30.2
2011-07-24,16:00:00,31.1
2011-07-24,17:00:00,32.4
2011-07-24,18:00:00,31.3
2011-07-25,08:00:00,23.3
2011-07-25,09:00:00,23.1
2011-07-25,10:00:00,23.8
2011-07-25,11:00:00,25.8
2011-07-25,12:00:00,28.0
2011-07-25,13:00:00,29.2
2011-07-25,14:00:00,30.3
2011-07-25,15:00:00,31.0
2011-07-25,16:00:00,31.4
2011-07-25,17:00:00,31.8
2011-07-25,18:00:00,32.0
2011-07-26,08:00:00,23.4
2011-07-26,09:00:00,23.2
2011-07-26,10:00:00,23.5
2011-07-26,11:00:00,25.9
2011-07-26,12:00:00,28.2
2011-07-26,13:00:00,29.0
2011-07-26,14:00:00,30.4
2011-07-26,15:00:00,31.2
2011-07-26,16:00:00,31.9
2011-07-26,17:00:00,32.3
2011-07-26,18:00:00,32.5
2011-07-27,08:00:00,22.4
2011-07-27,09:00:00,22.1
2011-07-27,10:00:00,22.9
2011-07-27,11:00:00,25.0
2011-07-27,12:00:00,27.4
2011-07-27,13:00:00,29.5
2011-07-27,14:00:00,30.4
2011-07-27,15:00:00,31.0
2011-07-27,16:00:00,31.9
2011-07-27,17:00:00,32.1
2011-07-27,18:00:00,31.8
2011-07-28,08:00:00,23.3
2011-07-28,09:00:00,23.5
2011-07-28,10:00:00,24.3
2011-07-28,11:00:00,26.9
2011-07-28,12:00:00,28.6
2011-07-28,13:00:00,29.6
2011-07-28,14:00:00,31.2
2011-07-28,15:00:00,31.6
2011-07-28,16:00:00,31.8
2011-07-28,17:00:00,32.6
2011-07-28,18:00:00,32.3
2011-07-29,08:00:00,23.6
2011-07-29,09:00:00,22.5
2011-07-29,10:00:00,23.4
2011-07-29,11:00:00,26.4
2011-07-29,12:00:00,28.2
2011-07-29,13:00:00,30.3
2011-07-29,14:00:00,31.2
2011-07-29,15:00:00,31.7
2011-07-29,16:00:00,32.2
2011-07-29,17:00:00,33.1
2011-07-29,18:00:00,33.1
2011-07-30,08:00:00,24.1
2011-07-30,09:00:00,23.8
2011-07-30,10:00:00,23.2
2011-07-30,11:00:00,24.3
2011-07-30,12:00:00,25.8
2011-07-30,13:00:00,27.5
2011-07-30,14:00:00,28.9
2011-07-30,15:00:00,30.8
2011-07-30,16:00:00,31.6
2011-07-30,17:00:00,31.8
2011-07-30,18:00:00,31.9
2011-07-31,08:00:00,23.2
2011-07-31,09:00:00,23.2
2011-07-31,10:00:00,23.9
2011-07-31,11:00:00,26.3
2011-07-31,12:00:00,28.2
2011-07-31,13:00:00,29.6
2011-07-31,14:00:00,30.7
2011-07-31,15:00:00,31.4
2011-07-31,16:00:00,31.7
2011-07-31,17:00:00,32.2
2011-07-31,18:00:00,32.3
2011-08-01,08:00:00,21.9
2011-08-01,09:00:00,21.7
2011-08-01,10:00:00,22.5
2011-08-01,11:00:00,25.9
2011-08-01,12:00:00,28.2
2011-08-01,13:00:00,29.3
2011-08-01,14:00:00,30.7
2011-08-01,15:00:00,31.0
2011-08-01,16:00:00,32.0
2011-08-01,17:00:00,32.4
2011-08-01,18:00:00,32.8
2011-08-02,08:00:00,22.5
2011-08-02,09:00:00,22.1
2011-08-02,10:00:00,23.0
2011-08-02,11:00:00,26.8
2011-08-02,12:00:00,28.0
2011-08-02,13:00:00,29.7
2011-08-02,14:00:00,30.2
2011-08-02,15:00:00,31.6
2011-08-02,16:00:00,32.0
2011-08-02,17:00:00,31.4
2011-08-02,18:00:00,31.7
2011-08-03,08:00:00,23.5
2011-08-03,09:00:00,23.4
2011-08-03,10:00:00,23.8
2011-08-03,11:00:00,26.3
2011-08-03,12:00:00,27.9
2011-08-03,13:00:00,29.6
2011-08-03,14:00:00,30.8
2011-08-03,15:00:00,31.4
2011-08-03,16:00:00,31.6
2011-08-03,17:00:00,32.2
2011-08-03,18:00:00,32.7
2011-08-04,08:00:00,22.9
2011-08-04,09:00:00,22.4
2011-08-04,10:00:00,22.4
2011-08-04,11:00:00,24.7
2011-08-04,12:00:00,27.5
2011-08-04,13:00:00,29.0
2011-08-04,14:00:00,30.3
2011-08-04,15:00:00,30.9
2011-08-04,16:00:00,31.8
2011-08-04,17:00:00,32.4
2011-08-04,18:00:00,32.3
2011-08-05,08:00:00,23.9
2011-08-05,09:00:00,23.5
2011-08-05,10:00:00,23.8
2011-08-05,11:00:00,26.5
2011-08-05,12:00:00,28.1
2011-08-05,13:00:00,29.3
2011-08-05,14:00:00,30.4
2011-08-05,15:00:00,31.3
2011-08-05,16:00:00,31.8
2011-08-05,17:00:00,32.6
2011-08-05,18:00:00,33.0
2011-08-06,08:00:00,23.8
2011-08-06,09:00:00,23.7
2011-08-06,10:00:00,24.1
2011-08-06,11:00:00,26.4
2011-08-06,12:00:00,28.1
2011-08-06,13:00:00,29.6
2011-08-06,14:00:00,30.3
2011-08-06,15:00:00,30.9
2011-08-06,16:00:00,32.0
2011-08-06,17:00:00,31.8
2011-08-06,18:00:00,32.8
2011-08-07,08:00:00,22.9
2011-08-07,09:00:00,23.1
2011-08-07,10:00:00,23.3
2011-08-07,11:00:00,25.6
2011-08-07,12:00:00,27.8
2011-08-07,13:00:00,29.4
2011-08-07,14:00:00,30.2
2011-08-07,15:00:00,31.5
2011-08-07,16:00:00,31.9
2011-08-07,17:00:00,32.6
2011-08-07,18:00:00,32.3
2011-08-08,08:00:00,22.7
2011-08-08,09:00:00,22.4
2011-08-08,10:00:00,22.7
2011-08-08,11:00:00,25.9
2011-08-08,12:00:00,27.6
2011-08-08,13:00:00,29.2
2011-08-08,14:00:00,30.3
2011-08-08,15:00:00,31.4
2011-08-08,16:00:00,32.4
2011-08-08,17:00:00,32.4
2011-08-08,18:00:00,32.5
2011-08-09,08:00:00,23.9
2011-08-09,09:00:00,23.6
2011-08-09,10:00:00,23.5
2011-08-09,11:00:00,26.0
2011-08-09,12:00:00,28.2
2011-08-09,13:00:00,29.9
2011-08-09,14:00:00,31.3
2011-08-09,15:00:00,32.5
2011-08-09,16:00:00,32.7
2011-08-09,17:00:00,33.4
2011-08-09,18:00:00,32.8
2011-08-10,08:00:00,23.9
2011-08-10,09:00:00,23.8
2011-08-10,10:00:00,24.5
2011-08-10,11:00:00,25.9
2011-08-10,12:00:00,28.6
2011-08-10,13:00:00,29.6
2011-08-10,14:00:00,30.9
2011-08-10,15:00:00,31.9
2011-08-10,16:00:00,32.2
2011-08-10,17:00:00,33.2
2011-08-10,18:00:00,33.6
2011-08-11,08:00:00,23.5
2011-08-11,09:00:00,23.3
2011-08-11,10:00:00,23.2
2011-08-11,11:00:00,25.5
2011-08-11,12:00:00,27.4
2011-08-11,13:00:00,29.1
2011-08-11,14:00:00,30.4
2011-08-11,15:00:00,31.4
2011-08-11,16:00:00,31.7
2011-08-11,17:00:00,32.6
2011-08-11,18:00:00,32.7
2011-08-12,08:00:00,23.7
2011-08-12,09:00:00,23.7
2011-08-12,10:00:00,24.5
2011-08-12,11:00:00,26.6
2011-08-12,12:00:00,27.8
2011-08-12,13:00:00,29.2
2011-08-12,14:00:00,30.8
2011-08-12,15:00:00,31.2
2011-08-12,16:00:00,31.9
2011-08-12,17:00:00,32.3
2011-08-12,18:00:00,32.5
2011-08-13,08:00:00,22.3
2011-08-13,09:00:00,22.1
2011-08-13,10:00:00,23.0
2011-08-13,11:00:00,26.0
2011-08-13,12:00:00,28.0
2011-08-13,13:00:00,29.1
2011-08-13,14:00:00,30.1
2011-08-13,15:00:00,30.9
2011-08-13,16:00:00,31.2
2011-08-13,17:00:00,31.4
2011-08-13,18:00:00,26.0
2011-08-14,08:00:00,21.8
2011-08-14,09:00:00,21.6
2011-08-14,10:00:00,22.6
2011-08-14,11:00:00,24.6
2011-08-14,12:00:00,27.3
2011-08-14,13:00:00,29.1
2011-08-14,14:00:00,30.0
2011-08-14,15:00:00,30.8
2011-08-14,16:00:00,31.3
2011-08-14,17:00:00,32.3
2011-08-14,18:00:00,32.3
2011-08-15,08:00:00,23.5
2011-08-15,09:00:00,23.4
2011-08-15,10:00:00,23.9
2011-08-15,11:00:00,25.9
2011-08-15,12:00:00,27.9
2011-08-15,13:00:00,29.3
2011-08-15,14:00:00,30.4
2011-08-15,15:00:00,31.2
2011-08-15,16:00:00,31.8
2011-08-15,17:00:00,32.3
2011-08-15,18:00:00,32.7
2011-08-16,08:00:00,23.9
2011-08-16,09:00:00,23.3
2011-08-16,10:00:00,24.2
2011-08-16,11:00:00,26.1
2011-08-16,12:00:00,28.0
2011-08-16,13:00:00,29.4
2011-08-16,14:00:00,30.7
2011-08-16,15:00:00,31.3
2011-08-16,16:00:00,32.3
2011-08-16,17:00:00,32.7
2011-08-16,18:00:00,33.0
2011-08-17,08:00:00,23.7
2011-08-17,09:00:00,23.6
2011-08-17,10:00:00,24.2
2011-08-17,11:00:00,26.4
2011-08-17,12:00:00,28.2
2011-08-17,13:00:00,29.6
2011-08-17,14:00:00,30.8
2011-08-17,15:00:00,31.4
2011-08-17,16:00:00,32.1
2011-08-17,17:00:00,32.5
2011-08-17,18:00:00,32.5
2011-08-18,08:00:00,23.8
2011-08-18,09:00:00,23.5
2011-08-18,10:00:00,23.5
2011-08-18,11:00:00,25.8
2011-08-18,12:00:00,27.8
2011-08-18,13:00:00,29.5
2011-08-18,14:00:00,31.2
2011-08-18,15:00:00,32.5
2011-08-18,16:00:00,33.0
2011-08-18,17:00:00,33.3
2011-08-18,18:00:00,33.4
2011-08-19,08:00:00,23.7
2011-08-19,09:00:00,23.7
2011-08-19,10:00:00,24.0
2011-08-19,11:00:00,25.6
2011-08-19,12:00:00,27.7
2011-08-19,13:00:00,29.8
2011-08-19,14:00:00,31.1
2011-08-19,15:00:00,31.7
2011-08-19,16:00:00,32.4
2011-08-19,17:00:00,33.1
2011-08-19,18:00:00,33.8
2011-08-20,08:00:00,24.3
2011-08-20,09:00:00,24.3
2011-08-20,10:00:00,25.0
2011-08-20,11:00:00,26.7
2011-08-20,12:00:00,28.3
2011-08-20,13:00:00,30.1
2011-08-20,14:00:00,30.8
2011-08-20,15:00:00,32.1
2011-08-20,16:00:00,32.8
2011-08-20,17:00:00,33.6
2011-08-20,18:00:00,33.9
2011-08-21,08:00:00,23.8
2011-08-21,09:00:00,23.8
2011-08-21,10:00:00,24.0
2011-08-21,11:00:00,26.0
2011-08-21,12:00:00,28.0
2011-08-21,13:00:00,29.6
2011-08-21,14:00:00,30.6
2011-08-21,15:00:00,31.6
2011-08-21,16:00:00,32.1
2011-08-21,17:00:00,32.9
2011-08-21,18:00:00,33.1
2011-08-22,08:00:00,23.7
2011-08-22,09:00:00,23.4
2011-08-22,10:00:00,24.1
2011-08-22,11:00:00,26.4
2011-08-22,12:00:00,27.7
2011-08-22,13:00:00,29.1
2011-08-22,14:00:00,30.6
2011-08-22,15:00:00,31.3
2011-08-22,16:00:00,32.4
2011-08-22,17:00:00,32.6
2011-08-22,18:00:00,33.0
2011-08-23,08:00:00,22.8
2011-08-23,09:00:00,23.4
2011-08-23,10:00:00,24.2
2011-08-23,11:00:00,26.2
2011-08-23,12:00:00,28.0
2011-08-23,13:00:00,29.1
2011-08-23,14:00:00,30.6
2011-08-23,15:00:00,31.1
2011-08-23,16:00:00,32.6
2011-08-23,17:00:00,32.4
2011-08-23,18:00:00,33.1
2011-08-24,08:00:00,23.4
2011-08-24,09:00:00,23.4
2011-08-24,10:00:00,24.1
2011-08-24,11:00:00,26.3
2011-08-24,12:00:00,28.2
2011-08-24,13:00:00,29.6
2011-08-24,14:00:00,30.4
2011-08-24,15:00:00,31.2
2011-08-24,16:00:00,31.5
2011-08-24,17:00:00,32.2
2011-08-24,18:00:00,32.4
2011-08-25,08:00:00,23.5
2011-08-25,09:00:00,23.4
2011-08-25,10:00:00,24.1
2011-08-25,11:00:00,26.6
2011-08-25,12:00:00,28.7
2011-08-25,13:00:00,29.5
2011-08-25,14:00:00,30.8
2011-08-25,15:00:00,31.5
2011-08-25,16:00:00,31.9
2011-08-25,17:00:00,33.1
2011-08-25,18:00:00,33.3
2011-08-26,08:00:00,23.9
2011-08-26,09:00:00,23.8
2011-08-26,10:00:00,24.3
2011-08-26,11:00:00,26.5
2011-08-26,12:00:00,28.3
2011-08-26,13:00:00,29.4
2011-08-26,14:00:00,30.9
2011-08-26,15:00:00,31.4
2011-08-26,16:00:00,32.0
2011-08-26,17:00:00,32.5
2011-08-26,18:00:00,33.0
2011-08-27,08:00:00,23.3
2011-08-27,09:00:00,23.5
2011-08-27,10:00:00,23.4
2011-08-27,11:00:00,26.3
2011-08-27,12:00:00,28.2
2011-08-27,13:00:00,29.2
2011-08-27,14:00:00,30.5
2011-08-27,15:00:00,31.0
2011-08-27,16:00:00,31.7
2011-08-27,17:00:00,32.1
2011-08-27,18:00:00,31.9
2011-08-28,08:00:00,22.6
2011-08-28,09:00:00,23.1
2011-08-28,10:00:00,23.5
2011-08-28,11:00:00,26.1
2011-08-28,12:00:00,27.7
2011-08-28,13:00:00,29.5
2011-08-28,14:00:00,30.4
2011-08-28,15:00:00,31.2
2011-08-28,16:00:00,31.9
2011-08-28,17:00:00,32.5
2011-08-28,18:00:00,32.3
2011-08-29,08:00:00,24.0
2011-08-29,09:00:00,23.5
2011-08-29,10:00:00,23.9
2011-08-29,11:00:00,26.0
2011-08-29,12:00:00,28.2
2011-08-29,13:00:00,29.8
2011-08-29,14:00:00,31.1
2011-08-29,15:00:00,31.5
2011-08-29,16:00:00,32.5
2011-08-29,17:00:00,32.7
2011-08-29,18:00:00,32.8
2011-08-30,08:00:00,23.6
2011-08-30,09:00:00,23.0
2011-08-30,10:00:00,23.8
2011-08-30,11:00:00,26.0
2011-08-30,12:00:00,28.5
2011-08-30,13:00:00,29.6
2011-08-30,14:00:00,31.2
2011-08-30,15:00:00,31.6
2011-08-30,16:00:00,32.4
2011-08-30,17:00:00,33.3
2011-08-30,18:00:00,33.2
2011-08-31,08:00:00,23.5
2011-08-31,09:00:00,23.3
2011-08-31,10:00:00,24.1
2011-08-31,11:00:00,26.0
2011-08-31,12:00:00,27.9
2011-08-31,13:00:00,29.5
2011-08-31,14:00:00,30.4
2011-08-31,15:00:00,31.2
2011-08-31,16:00:00,31.7
2011-08-31,17:00:00,32.4
2011-08-31,18:00:00,32.3
2011-09-01,08:00:00,23.0
2011-09-01,09:00:00,23.0
2011-09-01,10:00:00,23.4
2011-09-01,11:00:00,25.9
2011-09-01,12:00:00,27.4
2011-09-01,13:00:00,28.9
2011-09-01,14:00:00,30.5
2011-09-01,15:00:00,31.2
2011-09-01,16:00:00,31.4
2011-09-01,17:00:00,32.1
2011-09-01,18:00:00,31.7
2011-09-02,08:00:00,23.5
2011-09-02,09:00:00,23.5
2011-09-02,10:00:00,23.9
2011-09-02,11:00:00,25.8
2011-09-02,12:00:00,27.3
2011-09-02,13:00:00,29.8
2011-09-02,14:00:00,30.7
2011-09-02,15:00:00,31.5
2011-09-02,16:00:00,32.1
2011-09-02,17:00:00,32.1
2011-09-02,18:00:00,31.9
2011-09-03,08:00:00,24.0
2011-09-03,09:00:00,23.6
2011-09-03,10:00:00,24.5
2011-09-03,11:00:00,26.2
2011-09-03,12:00:00,28.5
2011-09-03,13:00:00,29.4
2011-09-03,14:00:00,30.9
2011-09-03,15:00:00,31.8
2011-09-03,16:00:00,32.1
2011-09-03,17:00:00,32.8
2011-09-03,18:00:00,32.5
2011-09-04,08:00:00,23.5
2011-09-04,09:00:00,23.4
2011-09-04,10:00:00,24.1
2011-09-04,11:00:00,26.2
2011-09-04,12:00:00,27.8
2011-09-04,13:00:00,29.1
2011-09-04,14:00:00,30.2
2011-09-04,15:00:00,31.5
2011-09-04,16:00:00,32.1
2011-09-04,17:00:00,32.2
2011-09-04,18:00:00,32.3
2011-09-05,08:00:00,23.9
2011-09-05,09:00:00,23.8
2011-09-05,10:00:00,24.2
2011-09-05,11:00:00,26.0
2011-09-05,12:00:00,28.1
2011-09-05,13:00:00,29.5
2011-09-05,14:00:00,30.8
2011-09-05,15:00:00,31.0
2011-09-05,16:00:00,31.9
2011-09-05,17:00:00,33.1
2011-09-05,18:00:00,32.8
2011-09-06,08:00:00,23.8
2011-09-06,09:00:00,23.7
2011-09-06,10:00:00,24.1
2011-09-06,11:00:00,26.3
2011-09-06,12:00:00,27.8
2011-09-06,13:00:00,29.5
2011-09-06,14:00:00,30.6
2011-09-06,15:00:00,31.5
2011-09-06,16:00:00,32.0
2011-09-06,17:00:00,33.0
2011-09-06,18:00:00,32.6
2011-09-07,08:00:00,23.7
2011-09-07,09:00:00,23.6
2011-09-07,10:00:00,24.0
2011-09-07,11:00:00,26.1
2011-09-07,12:00:00,28.1
2011-09-07,13:00:00,29.4
2011-09-07,14:00:00,30.8
2011-09-07,15:00:00,31.5
2011-09-07,16:00:00,32.7
2011-09-07,17:00:00,33.2
2011-09-07,18:00:00,33.3
2011-09-08,08:00:00,23.6
2011-09-08,09:00:00,23.3
2011-09-08,10:00:00,22.8
2011-09-08,11:00:00,25.4
2011-09-08,12:00:00,27.9
2011-09-08,13:00:00,29.5
2011-09-08,14:00:00,30.6
2011-09-08,15:00:00,31.4
2011-09-08,16:00:00,32.1
2011-09-08,17:00:00,32.5
2011-09-08,18:00:00,33.3
2011-09-09,08:00:00,24.0
2011-09-09,09:00:00,23.9
2011-09-09,10:00:00,24.4
2011-09-09,11:00:00,26.4
2011-09-09,12:00:00,28.4
2011-09-09,13:00:00,30.3
2011-09-09,14:00:00,31.5
2011-09-09,15:00:00,31.9
2011-09-09,16:00:00,32.9
2011-09-09,17:00:00,33.4
2011-09-09,18:00:00,33.3
2011-09-10,08:00:00,23.2
2011-09-10,09:00:00,23.2
2011-09-10,10:00:00,24.0
2011-09-10,11:00:00,26.2
2011-09-10,12:00:00,28.2
2011-09-10,13:00:00,29.7
2011-09-10,14:00:00,30.8
2011-09-10,15:00:00,31.9
2011-09-10,16:00:00,32.6
2011-09-10,17:00:00,33.5
2011-09-10,18:00:00,33.5
2011-09-11,08:00:00,23.4
2011-09-11,09:00:00,23.1
2011-09-11,10:00:00,24.0
2011-09-11,11:00:00,26.2
2011-09-11,12:00:00,28.3
2011-09-11,13:00:00,30.5
2011-09-11,14:00:00,31.8
2011-09-11,15:00:00,32.2
2011-09-11,16:00:00,33.0
2011-09-11,17:00:00,33.2
2011-09-11,18:00:00,33.5
2011-09-12,08:00:00,22.7
2011-09-12,09:00:00,22.8
2011-09-12,10:00:00,23.8
2011-09-12,11:00:00,26.2
2011-09-12,12:00:00,27.6
2011-09-12,13:00:00,29.5
2011-09-12,14:00:00,30.6
2011-09-12,15:00:00,31.6
2011-09-12,16:00:00,32.4
2011-09-12,17:00:00,32.8
2011-09-12,18:00:00,33.2
2011-09-13,08:00:00,24.6
2011-09-13,09:00:00,24.2
2011-09-13,10:00:00,24.3
2011-09-13,11:00:00,26.8
2011-09-13,12:00:00,28.3
2011-09-13,13:00:00,29.7
2011-09-13,14:00:00,30.8
2011-09-13,15:00:00,31.9
2011-09-13,16:00:00,32.5
2011-09-13,17:00:00,32.8
2011-09-13,18:00:00,31.6
2011-09-14,08:00:00,22.5
2011-09-14,09:00:00,22.4
2011-09-14,10:00:00,23.2
2011-09-14,11:00:00,25.3
2011-09-14,12:00:00,27.5
2011-09-14,13:00:00,29.1
2011-09-14,14:00:00,30.3
2011-09-14,15:00:00,31.7
2011-09-14,16:00:00,31.8
2011-09-14,17:00:00,31.9
2011-09-14,18:00:00,32.5
2011-09-15,08:00:00,23.1
2011-09-15,09:00:00,23.3
2011-09-15,10:00:00,23.2
2011-09-15,11:00:00,25.3
2011-09-15,12:00:00,27.6
2011-09-15,13:00:00,29.2
2011-09-15,14:00:00,30.5
2011-09-15,15:00:00,31.1
2011-09-15,16:00:00,32.3
2011-09-15,17:00:00,33.2
2011-09-15,18:00:00,32.9
2011-09-16,08:00:00,23.9
2011-09-16,09:00:00,23.4
2011-09-16,10:00:00,24.3
2011-09-16,11:00:00,26.5
2011-09-16,12:00:00,28.2
2011-09-16,13:00:00,30.2
2011-09-16,14:00:00,30.4
2011-09-16,15:00:00,31.4
2011-09-16,16:00:00,32.2
2011-09-16,17:00:00,32.1
2011-09-16,18:00:00,28.5
2011-09-17,08:00:00,23.9
2011-09-17,09:00:00,23.9
2011-09-17,10:00:00,24.4
2011-09-17,11:00:00,26.2
2011-09-17,12:00:00,28.7
2011-09-17,13:00:00,29.4
2011-09-17,14:00:00,30.6
2011-09-17,15:00:00,32.1
2011-09-17,16:00:00,32.4
2011-09-17,17:00:00,32.9
2011-09-17,18:00:00,33.5
2011-09-18,08:00:00,23.8
2011-09-18,09:00:00,23.8
2011-09-18,10:00:00,24.3
2011-09-18,11:00:00,25.9
2011-09-18,12:00:00,27.8
2011-09-18,13:00:00,29.3
2011-09-18,14:00:00,30.6
2011-09-18,15:00:00,31.8
2011-09-18,16:00:00,32.4
2011-09-18,17:00:00,32.7
2011-09-18,18:00:00,33.1
2011-09-19,08:00:00,23.3
2011-09-19,09:00:00,23.4
2011-09-19,10:00:00,24.1
2011-09-19,11:00:00,25.4
2011-09-19,12:00:00,27.0
2011-09-19,13:00:00,29.3
2011-09-19,14:00:00,30.1
2011-09-19,15:00:00,31.4
2011-09-19,16:00:00,32.3
2011-09-19,17:00:00,32.9
2011-09-19,18:00:00,33.0
2011-09-20,08:00:00,23.8
2011-09-20,09:00:00,23.6
2011-09-20,10:00:00,24.0
2011-09-20,11:00:00,26.0
2011-09-20,12:00:00,28.6
2011-09-20,13:00:00,30.1
2011-09-20,14:00:00,31.1
2011-09-20,15:00:00,32.2
2011-09-20,16:00:00,32.3
2011-09-20,17:00:00,32.7
2011-09-20,18:00:00,32.9
2011-09-21,08:00:00,23.5
2011-09-21,09:00:00,23.3
2011-09-21,10:00:00,23.8
2011-09-21,11:00:00,26.2
2011-09-21,12:00:00,28.3
2011-09-21,13:00:00,29.9
2011-09-21,14:00:00,31.4
2011-09-21,15:00:00,33.1
2011-09-21,16:00:00,33.4
2011-09-21,17:00:00,34.3
2011-09-21,18:00:00,34.6
2011-09-22,08:00:00,24.0
2011-09-22,09:00:00,23.8
2011-09-22,10:00:00,24.5
2011-09-22,11:00:00,26.8
2011-09-22,12:00:00,28.5
2011-09-22,13:00:00,29.9
2011-09-22,14:00:00,31.3
2011-09-22,15:00:00,32.4
2011-09-22,16:00:00,33.8
2011-09-22,17:00:00,34.6
2011-09-22,18:00:00,34.7
2011-09-23,08:00:00,23.8
2011-09-23,09:00:00,23.7
2011-09-23,10:00:00,24.4
2011-09-23,11:00:00,26.7
2011-09-23,12:00:00,28.4
2011-09-23,13:00:00,29.5
2011-09-23,14:00:00,30.8
2011-09-23,15:00:00,32.6
2011-09-23,16:00:00,33.4
2011-09-23,17:00:00,33.5
2011-09-23,18:00:00,33.9
2011-09-24,08:00:00,24.1
2011-09-24,09:00:00,24.0
2011-09-24,10:00:00,24.9
2011-09-24,11:00:00,27.2
2011-09-24,12:00:00,28.6
2011-09-24,13:00:00,29.9
2011-09-24,14:00:00,31.5
2011-09-24,15:00:00,32.4
2011-09-24,16:00:00,33.6
2011-09-24,17:00:00,33.7
2011-09-24,18:00:00,33.9
2011-09-25,08:00:00,23.2
2011-09-25,09:00:00,23.2
2011-09-25,10:00:00,24.0
2011-09-25,11:00:00,26.1
2011-09-25,12:00:00,28.6
2011-09-25,13:00:00,30.3
2011-09-25,14:00:00,31.9
2011-09-25,15:00:00,33.1
2011-09-25,16:00:00,33.9
2011-09-25,17:00:00,34.1
2011-09-25,18:00:00,34.2
2011-09-26,08:00:00,24.0
2011-09-26,09:00:00,23.8
2011-09-26,10:00:00,24.6
2011-09-26,11:00:00,26.7
2011-09-26,12:00:00,28.7
2011-09-26,13:00:00,30.4
2011-09-26,14:00:00,30.7
2011-09-26,15:00:00,31.7
2011-09-26,16:00:00,32.0
2011-09-26,17:00:00,32.3
2011-09-26,18:00:00,32.7
2011-09-27,08:00:00,23.5
2011-09-27,09:00:00,23.5
2011-09-27,10:00:00,24.3
2011-09-27,11:00:00,26.7
2011-09-27,12:00:00,28.3
2011-09-27,13:00:00,29.8
2011-09-27,14:00:00,30.9
2011-09-27,15:00:00,31.4
2011-09-27,16:00:00,32.1
2011-09-27,17:00:00,32.3
2011-09-27,18:00:00,32.4
2011-09-28,08:00:00,23.8
2011-09-28,09:00:00,23.7
2011-09-28,10:00:00,24.5
2011-09-28,11:00:00,26.7
2011-09-28,12:00:00,28.7
2011-09-28,13:00:00,30.0
2011-09-28,14:00:00,31.4
2011-09-28,15:00:00,32.4
2011-09-28,16:00:00,32.6
2011-09-28,17:00:00,32.7
2011-09-28,18:00:00,33.3
2011-09-29,08:00:00,23.4
2011-09-29,09:00:00,22.9
2011-09-29,10:00:00,23.5
2011-09-29,11:00:00,25.9
2011-09-29,12:00:00,28.2
2011-09-29,13:00:00,30.6
2011-09-29,14:00:00,31.7
2011-09-29,15:00:00,32.6
2011-09-29,16:00:00,33.2
2011-09-29,17:00:00,33.3
2011-09-29,18:00:00,33.5
2011-09-30,08:00:00,22.5
2011-09-30,09:00:00,22.6
2011-09-30,10:00:00,24.8
2011-09-30,11:00:00,26.7
2011-09-30,12:00:00,28.8
2011-09-30,13:00:00,30.7
2011-09-30,14:00:00,31.9
2011-09-30,15:00:00,32.6
2011-09-30,16:00:00,33.1
2011-09-30,17:00:00,33.4
2011-09-30,18:00:00,33.8
2011-10-01,08:00:00,23.4
2011-10-01,09:00:00,22.5
2011-10-01,10:00:00,23.5
2011-10-01,11:00:00,26.9
2011-10-01,12:00:00,28.2
2011-10-01,13:00:00,30.0
2011-10-01,14:00:00,31.1
2011-10-01,15:00:00,32.0
2011-10-01,16:00:00,32.4
2011-10-01,17:00:00,33.2
2011-10-01,18:00:00,33.6
2011-10-02,08:00:00,23.2
2011-10-02,09:00:00,23.0
2011-10-02,10:00:00,23.7
2011-10-02,11:00:00,26.5
2011-10-02,12:00:00,29.0
2011-10-02,13:00:00,29.9
2011-10-02,14:00:00,31.2
2011-10-02,15:00:00,32.0
2011-10-02,16:00:00,32.5
2011-10-02,17:00:00,33.2
2011-10-02,18:00:00,33.5
2011-10-03,08:00:00,23.4
2011-10-03,09:00:00,23.4
2011-10-03,10:00:00,24.5
2011-10-03,11:00:00,27.2
2011-10-03,12:00:00,29.0
2011-10-03,13:00:00,30.3
2011-10-03,14:00:00,31.9
2011-10-03,15:00:00,32.0
2011-10-03,16:00:00,31.8
2011-10-03,17:00:00,31.6
2011-10-03,18:00:00,31.7
2011-10-04,08:00:00,23.5
2011-10-04,09:00:00,22.8
2011-10-04,10:00:00,23.3
2011-10-04,11:00:00,26.9
2011-10-04,12:00:00,28.7
2011-10-04,13:00:00,30.4
2011-10-04,14:00:00,31.3
2011-10-04,15:00:00,31.8
2011-10-04,16:00:00,31.8
2011-10-04,17:00:00,32.2
2011-10-04,18:00:00,32.6
2011-10-05,08:00:00,23.9
2011-10-05,09:00:00,23.8
2011-10-05,10:00:00,24.6
2011-10-05,11:00:00,27.2
2011-10-05,12:00:00,29.1
2011-10-05,13:00:00,30.5
2011-10-05,14:00:00,31.5
2011-10-05,15:00:00,32.6
2011-10-05,16:00:00,32.2
2011-10-05,17:00:00,32.2
2011-10-05,18:00:00,33.1
2011-10-06,08:00:00,23.6
2011-10-06,09:00:00,22.5
2011-10-06,10:00:00,24.1
2011-10-06,11:00:00,27.1
2011-10-06,12:00:00,29.1
2011-10-06,13:00:00,30.5
2011-10-06,14:00:00,32.8
2011-10-06,15:00:00,32.9
2011-10-06,16:00:00,33.5
2011-10-06,17:00:00,34.2
2011-10-06,18:00:00,34.0
2011-10-07,08:00:00,23.3
2011-10-07,09:00:00,23.2
2011-10-07,10:00:00,24.0
2011-10-07,11:00:00,26.4
2011-10-07,12:00:00,28.4
2011-10-07,13:00:00,30.3
2011-10-07,14:00:00,31.8
2011-10-07,15:00:00,33.3
2011-10-07,16:00:00,34.0
2011-10-07,17:00:00,33.9
2011-10-07,18:00:00,34.0
2011-10-08,08:00:00,23.7
2011-10-08,09:00:00,23.5
2011-10-08,10:00:00,24.8
2011-10-08,11:00:00,26.7
2011-10-08,12:00:00,28.6
2011-10-08,13:00:00,30.5
2011-10-08,14:00:00,32.0
2011-10-08,15:00:00,32.4
2011-10-08,16:00:00,33.4
2011-10-08,17:00:00,33.3
2011-10-08,18:00:00,33.5
2011-10-09,08:00:00,24.2
2011-10-09,09:00:00,23.8
2011-10-09,10:00:00,23.8
2011-10-09,11:00:00,27.1
2011-10-09,12:00:00,28.4
2011-10-09,13:00:00,30.8
2011-10-09,14:00:00,32.2
2011-10-09,15:00:00,32.4
2011-10-09,16:00:00,33.2
2011-10-09,17:00:00,33.5
2011-10-09,18:00:00,33.7
2011-10-10,08:00:00,23.9
2011-10-10,09:00:00,23.9
2011-10-10,10:00:00,24.7
2011-10-10,11:00:00,27.4
2011-10-10,12:00:00,29.0
2011-10-10,13:00:00,30.9
2011-10-10,14:00:00,31.9
2011-10-10,15:00:00,32.8
2011-10-10,16:00:00,33.7
2011-10-10,17:00:00,33.4
2011-10-10,18:00:00,33.3
2011-10-11,08:00:00,24.2
2011-10-11,09:00:00,24.1
2011-10-11,10:00:00,24.1
2011-10-11,11:00:00,27.4
2011-10-11,12:00:00,29.1
2011-10-11,13:00:00,30.8
2011-10-11,14:00:00,32.4
2011-10-11,15:00:00,34.6
2011-10-11,16:00:00,34.9
2011-10-11,17:00:00,34.8
2011-10-11,18:00:00,34.7
2011-10-12,08:00:00,24.0
2011-10-12,09:00:00,24.0
2011-10-12,10:00:00,24.8
2011-10-12,11:00:00,27.7
2011-10-12,12:00:00,29.7
2011-10-12,13:00:00,30.7
2011-10-12,14:00:00,32.8
2011-10-12,15:00:00,33.6
2011-10-12,16:00:00,33.7
2011-10-12,17:00:00,33.4
2011-10-12,18:00:00,33.8
2011-10-13,08:00:00,23.7
2011-10-13,09:00:00,23.7
2011-10-13,10:00:00,25.3
2011-10-13,11:00:00,27.9
2011-10-13,12:00:00,29.6
2011-10-13,13:00:00,30.8
2011-10-13,14:00:00,32.0
2011-10-13,15:00:00,33.1
2011-10-13,16:00:00,34.0
2011-10-13,17:00:00,34.7
2011-10-13,18:00:00,34.6
2011-10-14,08:00:00,25.1
2011-10-14,09:00:00,24.9
2011-10-14,10:00:00,25.7
2011-10-14,11:00:00,27.5
2011-10-14,12:00:00,30.0
2011-10-14,13:00:00,31.1
2011-10-14,14:00:00,33.0
2011-10-14,15:00:00,33.3
2011-10-14,16:00:00,34.0
2011-10-14,17:00:00,34.4
2011-10-14,18:00:00,34.4
2011-10-15,08:00:00,24.0
2011-10-15,09:00:00,22.9
2011-10-15,10:00:00,25.1
2011-10-15,11:00:00,27.8
2011-10-15,12:00:00,29.6
2011-10-15,13:00:00,31.0
2011-10-15,14:00:00,32.6
2011-10-15,15:00:00,33.4
2011-10-15,16:00:00,34.5
2011-10-15,17:00:00,34.7
2011-10-15,18:00:00,35.2
2011-10-16,08:00:00,24.7
2011-10-16,09:00:00,24.6
2011-10-16,10:00:00,25.2
2011-10-16,11:00:00,27.5
2011-10-16,12:00:00,29.7
2011-10-16,13:00:00,30.7
2011-10-16,14:00:00,32.5
2011-10-16,15:00:00,33.7
2011-10-16,16:00:00,35.0
2011-10-16,17:00:00,34.3
2011-10-16,18:00:00,35.1
2011-10-17,08:00:00,24.1
2011-10-17,09:00:00,23.9
2011-10-17,10:00:00,25.4
2011-10-17,11:00:00,27.8
2011-10-17,12:00:00,30.2
2011-10-17,13:00:00,31.3
2011-10-17,14:00:00,31.8
2011-10-17,15:00:00,33.0
2011-10-17,16:00:00,34.0
2011-10-17,17:00:00,34.2
2011-10-17,18:00:00,34.8
2011-10-18,08:00:00,23.3
2011-10-18,09:00:00,23.7
2011-10-18,10:00:00,25.1
2011-10-18,11:00:00,27.9
2011-10-18,12:00:00,30.2
2011-10-18,13:00:00,31.7
2011-10-18,14:00:00,32.7
2011-10-18,15:00:00,33.5
2011-10-18,16:00:00,32.2
2011-10-18,17:00:00,32.5
2011-10-18,18:00:00,34.4
2011-10-19,08:00:00,23.7
2011-10-19,09:00:00,23.0
2011-10-19,10:00:00,23.7
2011-10-19,11:00:00,25.9
2011-10-19,12:00:00,28.6
2011-10-19,13:00:00,30.3
2011-10-19,14:00:00,31.8
2011-10-19,15:00:00,33.6
2011-10-19,16:00:00,34.0
2011-10-19,17:00:00,34.5
2011-10-19,18:00:00,34.7
2011-10-20,08:00:00,23.9
2011-10-20,09:00:00,23.5
2011-10-20,10:00:00,25.0
2011-10-20,11:00:00,28.3
2011-10-20,12:00:00,29.1
2011-10-20,13:00:00,31.0
2011-10-20,14:00:00,30.9
2011-10-20,15:00:00,31.4
2011-10-20,16:00:00,31.0
2011-10-20,17:00:00,23.0
2011-10-20,18:00:00,22.9
2011-10-21,08:00:00,21.3
2011-10-21,09:00:00,21.2
2011-10-21,10:00:00,22.1
2011-10-21,11:00:00,23.6
2011-10-21,12:00:00,25.9
2011-10-21,13:00:00,26.8
2011-10-21,14:00:00,28.8
2011-10-21,15:00:00,29.2
2011-10-21,16:00:00,30.1
2011-10-21,17:00:00,31.1
2011-10-21,18:00:00,32.0
2011-10-22,08:00:00,22.0
2011-10-22,09:00:00,22.2
2011-10-22,10:00:00,22.7
2011-10-22,11:00:00,23.0
2011-10-22,12:00:00,23.4
2011-10-22,13:00:00,24.7
2011-10-22,14:00:00,26.0
2011-10-22,15:00:00,28.3
2011-10-22,16:00:00,30.2
2011-10-22,17:00:00,32.0
2011-10-22,18:00:00,32.0
2011-10-23,08:00:00,23.3
2011-10-23,09:00:00,23.1
2011-10-23,10:00:00,24.1
2011-10-23,11:00:00,26.9
2011-10-23,12:00:00,29.4
2011-10-23,13:00:00,31.2
2011-10-23,14:00:00,32.9
2011-10-23,15:00:00,33.5
2011-10-23,16:00:00,34.6
2011-10-23,17:00:00,35.1
2011-10-23,18:00:00,35.3
2011-10-24,08:00:00,24.7
2011-10-24,09:00:00,24.5
2011-10-24,10:00:00,25.1
2011-10-24,11:00:00,27.0
2011-10-24,12:00:00,29.2
2011-10-24,13:00:00,30.9
2011-10-24,14:00:00,32.1
2011-10-24,15:00:00,33.4
2011-10-24,16:00:00,33.4
2011-10-24,17:00:00,34.1
2011-10-24,18:00:00,34.4
2011-10-25,08:00:00,23.9
2011-10-25,09:00:00,24.0
2011-10-25,10:00:00,25.1
2011-10-25,11:00:00,27.5
2011-10-25,12:00:00,29.6
2011-10-25,13:00:00,31.2
2011-10-25,14:00:00,32.4
2011-10-25,15:00:00,32.7
2011-10-25,16:00:00,33.4
2011-10-25,17:00:00,33.9
2011-10-25,18:00:00,34.1
2011-10-26,08:00:00,23.4
2011-10-26,09:00:00,22.2
2011-10-26,10:00:00,24.4
2011-10-26,11:00:00,26.9
2011-10-26,12:00:00,28.7
2011-10-26,13:00:00,30.7
2011-10-26,14:00:00,31.7
2011-10-26,15:00:00,32.4
2011-10-26,16:00:00,33.3
2011-10-26,17:00:00,34.0
2011-10-26,18:00:00,33.3
2011-10-27,08:00:00,23.8
2011-10-27,09:00:00,23.6
2011-10-27,10:00:00,24.4
2011-10-27,11:00:00,27.4
2011-10-27,12:00:00,28.7
2011-10-27,13:00:00,30.6
2011-10-27,14:00:00,31.1
2011-10-27,15:00:00,32.3
2011-10-27,16:00:00,32.9
2011-10-27,17:00:00,33.6
2011-10-27,18:00:00,33.6
2011-10-28,08:00:00,23.2
2011-10-28,09:00:00,23.1
2011-10-28,10:00:00,24.4
2011-10-28,11:00:00,27.3
2011-10-28,12:00:00,28.9
2011-10-28,13:00:00,30.3
2011-10-28,14:00:00,31.3
2011-10-28,15:00:00,32.4
2011-10-28,16:00:00,32.8
2011-10-28,17:00:00,32.8
2011-10-28,18:00:00,32.8
2011-10-29,08:00:00,23.6
2011-10-29,09:00:00,23.9
2011-10-29,10:00:00,24.7
2011-10-29,11:00:00,27.1
2011-10-29,12:00:00,28.6
2011-10-29,13:00:00,30.4
2011-10-29,14:00:00,31.9
2011-10-29,15:00:00,31.8
2011-10-29,16:00:00,32.6
2011-10-29,17:00:00,32.9
2011-10-29,18:00:00,33.1
2011-10-30,08:00:00,24.0
2011-10-30,09:00:00,23.9
2011-10-30,10:00:00,23.7
2011-10-30,11:00:00,26.2
2011-10-30,12:00:00,29.0
2011-10-30,13:00:00,30.1
2011-10-30,14:00:00,30.8
2011-10-30,15:00:00,32.4
2011-10-30,16:00:00,32.1
2011-10-30,17:00:00,32.8
2011-10-30,18:00:00,32.5
2011-10-31,08:00:00,23.4
2011-10-31,09:00:00,22.8
2011-10-31,10:00:00,23.5
2011-10-31,11:00:00,27.2
2011-10-31,12:00:00,28.2
2011-10-31,13:00:00,28.9
2011-10-31,14:00:00,30.4
2011-10-31,15:00:00,31.5
2011-10-31,16:00:00,33.1
2011-10-31,17:00:00,33.5
2011-10-31,18:00:00,33.9
2011-11-01,08:00:00,24.1
2011-11-01,09:00:00,23.6
2011-11-01,10:00:00,24.3
2011-11-01,11:00:00,26.8
2011-11-01,12:00:00,27.9
2011-11-01,13:00:00,30.2
2011-11-01,14:00:00,30.8
2011-11-01,15:00:00,31.6
2011-11-01,16:00:00,32.0
2011-11-01,17:00:00,32.7
2011-11-01,18:00:00,32.1
2011-11-02,08:00:00,24.0
2011-11-02,09:00:00,24.1
2011-11-02,10:00:00,25.2
2011-11-02,11:00:00,27.8
2011-11-02,12:00:00,29.0
2011-11-02,13:00:00,29.3
2011-11-02,14:00:00,30.7
2011-11-02,15:00:00,31.7
2011-11-02,16:00:00,32.0
2011-11-02,17:00:00,31.9
2011-11-02,18:00:00,31.1
2011-11-03,08:00:00,22.6
2011-11-03,09:00:00,22.4
2011-11-03,10:00:00,23.7
2011-11-03,11:00:00,26.0
2011-11-03,12:00:00,28.2
2011-11-03,13:00:00,30.4
2011-11-03,14:00:00,31.2
2011-11-03,15:00:00,31.6
2011-11-03,16:00:00,32.1
2011-11-03,17:00:00,32.8
2011-11-03,18:00:00,33.3
2011-11-04,08:00:00,23.9
2011-11-04,09:00:00,23.5
2011-11-04,10:00:00,24.2
2011-11-04,11:00:00,27.0
2011-11-04,12:00:00,28.5
2011-11-04,13:00:00,30.2
2011-11-04,14:00:00,31.7
2011-11-04,15:00:00,33.0
2011-11-04,16:00:00,32.7
2011-11-04,17:00:00,33.3
2011-11-04,18:00:00,33.8
2011-11-05,08:00:00,24.3
2011-11-05,09:00:00,24.4
2011-11-05,10:00:00,24.6
2011-11-05,11:00:00,27.1
2011-11-05,12:00:00,28.5
2011-11-05,13:00:00,30.2
2011-11-05,14:00:00,31.3
2011-11-05,15:00:00,32.1
2011-11-05,16:00:00,33.0
2011-11-05,17:00:00,33.3
2011-11-05,18:00:00,32.7
2011-11-06,08:00:00,25.6
2011-11-06,09:00:00,25.5
2011-11-06,10:00:00,26.2
2011-11-06,11:00:00,28.0
2011-11-06,12:00:00,29.7
2011-11-06,13:00:00,29.8
2011-11-06,14:00:00,31.4
2011-11-06,15:00:00,31.5
2011-11-06,16:00:00,31.1
2011-11-06,17:00:00,32.0
2011-11-06,18:00:00,32.3
2011-11-07,08:00:00,22.8
2011-11-07,09:00:00,22.5
2011-11-07,10:00:00,23.0
2011-11-07,11:00:00,26.2
2011-11-07,12:00:00,28.1
2011-11-07,13:00:00,29.6
2011-11-07,14:00:00,31.2
2011-11-07,15:00:00,32.4
2011-11-07,16:00:00,32.3
2011-11-07,17:00:00,32.8
2011-11-07,18:00:00,33.4
2011-11-08,08:00:00,23.4
2011-11-08,09:00:00,23.4
2011-11-08,10:00:00,24.4
2011-11-08,11:00:00,26.8
2011-11-08,12:00:00,28.4
2011-11-08,13:00:00,30.2
2011-11-08,14:00:00,31.6
2011-11-08,15:00:00,32.2
2011-11-08,16:00:00,32.7
2011-11-08,17:00:00,33.3
2011-11-08,18:00:00,34.2
2011-11-09,08:00:00,23.7
2011-11-09,09:00:00,23.7
2011-11-09,10:00:00,24.1
2011-11-09,11:00:00,26.9
2011-11-09,12:00:00,29.2
2011-11-09,13:00:00,30.6
2011-11-09,14:00:00,31.7
2011-11-09,15:00:00,32.7
2011-11-09,16:00:00,33.3
2011-11-09,17:00:00,34.1
2011-11-09,18:00:00,34.3
2011-11-10,08:00:00,24.3
2011-11-10,09:00:00,24.1
2011-11-10,10:00:00,24.8
2011-11-10,11:00:00,26.6
2011-11-10,12:00:00,28.9
2011-11-10,13:00:00,30.5
2011-11-10,14:00:00,31.9
2011-11-10,15:00:00,32.5
2011-11-10,16:00:00,33.4
2011-11-10,17:00:00,32.9
2011-11-10,18:00:00,33.6
2011-11-11,08:00:00,24.0
2011-11-11,09:00:00,24.1
2011-11-11,10:00:00,24.0
2011-11-11,11:00:00,27.1
2011-11-11,12:00:00,28.9
2011-11-11,13:00:00,30.9
2011-11-11,14:00:00,31.7
2011-11-11,15:00:00,32.4
2011-11-11,16:00:00,33.6
2011-11-11,17:00:00,33.4
2011-11-11,18:00:00,33.5
2011-11-12,08:00:00,24.1
2011-11-12,09:00:00,24.1
2011-11-12,10:00:00,24.4
2011-11-12,11:00:00,27.1
2011-11-12,12:00:00,28.4
2011-11-12,13:00:00,30.4
2011-11-12,14:00:00,31.3
2011-11-12,15:00:00,32.8
2011-11-12,16:00:00,32.7
2011-11-12,17:00:00,34.0
2011-11-12,18:00:00,34.1
2011-11-13,08:00:00,23.6
2011-11-13,09:00:00,23.6
2011-11-13,10:00:00,24.7
2011-11-13,11:00:00,27.2
2011-11-13,12:00:00,28.4
2011-11-13,13:00:00,30.7
2011-11-13,14:00:00,31.1
2011-11-13,15:00:00,32.0
2011-11-13,16:00:00,30.2
2011-11-13,17:00:00,28.5
2011-11-13,18:00:00,28.2
2011-11-14,08:00:00,23.6
2011-11-14,09:00:00,23.4
2011-11-14,10:00:00,24.1
2011-11-14,11:00:00,26.9
2011-11-14,12:00:00,29.0
2011-11-14,13:00:00,29.7
2011-11-14,14:00:00,30.0
2011-11-14,15:00:00,31.6
2011-11-14,16:00:00,32.6
2011-11-14,17:00:00,32.5
2011-11-14,18:00:00,32.6
2011-11-15,08:00:00,23.1
2011-11-15,09:00:00,23.3
2011-11-15,10:00:00,23.9
2011-11-15,11:00:00,25.3
2011-11-15,12:00:00,28.0
2011-11-15,13:00:00,29.6
2011-11-15,14:00:00,31.5
2011-11-15,15:00:00,32.3
2011-11-15,16:00:00,33.2
2011-11-15,17:00:00,33.9
2011-11-15,18:00:00,33.9
2011-11-16,08:00:00,24.4
2011-11-16,09:00:00,24.4
2011-11-16,10:00:00,25.0
2011-11-16,11:00:00,27.4
2011-11-16,12:00:00,28.6
2011-11-16,13:00:00,30.7
2011-11-16,14:00:00,31.6
2011-11-16,15:00:00,31.9
2011-11-16,16:00:00,32.7
2011-11-16,17:00:00,32.7
2011-11-16,18:00:00,32.9
2011-11-17,08:00:00,22.9
2011-11-17,09:00:00,23.0
2011-11-17,10:00:00,23.1
2011-11-17,11:00:00,26.4
2011-11-17,12:00:00,28.3
2011-11-17,13:00:00,29.5
2011-11-17,14:00:00,30.9
2011-11-17,15:00:00,31.8
2011-11-17,16:00:00,32.1
2011-11-17,17:00:00,33.3
2011-11-17,18:00:00,33.4
2011-11-18,08:00:00,23.7
2011-11-18,09:00:00,23.5
2011-11-18,10:00:00,24.6
2011-11-18,11:00:00,27.0
2011-11-18,12:00:00,28.9
2011-11-18,13:00:00,30.1
2011-11-18,14:00:00,31.6
2011-11-18,15:00:00,32.2
2011-11-18,16:00:00,33.2
2011-11-18,17:00:00,33.5
2011-11-18,18:00:00,33.7
2011-11-19,08:00:00,23.8
2011-11-19,09:00:00,23.9
2011-11-19,10:00:00,24.7
2011-11-19,11:00:00,27.2
2011-11-19,12:00:00,28.6
2011-11-19,13:00:00,30.2
2011-11-19,14:00:00,31.6
2011-11-19,15:00:00,31.9
2011-11-19,16:00:00,32.3
2011-11-19,17:00:00,33.3
2011-11-19,18:00:00,33.8
2011-11-20,08:00:00,23.3
2011-11-20,09:00:00,23.1
2011-11-20,10:00:00,22.9
2011-11-20,11:00:00,26.0
2011-11-20,12:00:00,28.5
2011-11-20,13:00:00,29.5
2011-11-20,14:00:00,30.9
2011-11-20,15:00:00,31.9
2011-11-20,16:00:00,33.5
2011-11-20,17:00:00,33.7
2011-11-20,18:00:00,34.5
2011-11-21,08:00:00,22.6
2011-11-21,09:00:00,23.0
2011-11-21,10:00:00,24.1
2011-11-21,11:00:00,27.0
2011-11-21,12:00:00,28.0
2011-11-21,13:00:00,30.1
2011-11-21,14:00:00,30.9
2011-11-21,15:00:00,31.8
2011-11-21,16:00:00,32.7
2011-11-21,17:00:00,33.7
2011-11-21,18:00:00,33.4
2011-11-22,08:00:00,23.1
2011-11-22,09:00:00,23.3
2011-11-22,10:00:00,24.9
2011-11-22,11:00:00,27.2
2011-11-22,12:00:00,29.4
2011-11-22,13:00:00,30.8
2011-11-22,14:00:00,32.2
2011-11-22,15:00:00,33.4
2011-11-22,16:00:00,34.0
2011-11-22,17:00:00,34.3
2011-11-22,18:00:00,34.2
2011-11-23,08:00:00,22.7
2011-11-23,09:00:00,20.9
2011-11-23,10:00:00,22.3
2011-11-23,11:00:00,26.2
2011-11-23,12:00:00,28.7
2011-11-23,13:00:00,30.1
2011-11-23,14:00:00,32.0
2011-11-23,15:00:00,32.6
2011-11-23,16:00:00,33.3
2011-11-23,17:00:00,33.8
2011-11-23,18:00:00,34.2
2011-11-24,08:00:00,24.1
2011-11-24,09:00:00,23.9
2011-11-24,10:00:00,23.3
2011-11-24,11:00:00,24.8
2011-11-24,12:00:00,27.6
2011-11-24,13:00:00,30.8
2011-11-24,14:00:00,32.4
2011-11-24,15:00:00,33.6
2011-11-24,16:00:00,33.6
2011-11-24,17:00:00,34.5
2011-11-24,18:00:00,33.7
2011-11-25,08:00:00,24.9
2011-11-25,09:00:00,24.8
2011-11-25,10:00:00,25.2
2011-11-25,11:00:00,26.9
2011-11-25,12:00:00,28.7
2011-11-25,13:00:00,30.5
2011-11-25,14:00:00,31.9
2011-11-25,15:00:00,32.4
2011-11-25,16:00:00,32.8
2011-11-25,17:00:00,32.7
2011-11-25,18:00:00,32.9
2011-11-26,08:00:00,24.1
2011-11-26,09:00:00,24.1
2011-11-26,10:00:00,24.3
2011-11-26,11:00:00,24.8
2011-11-26,12:00:00,25.8
2011-11-26,13:00:00,28.1
2011-11-26,14:00:00,30.1
2011-11-26,15:00:00,31.0
2011-11-26,16:00:00,32.3
2011-11-26,17:00:00,33.1
2011-11-26,18:00:00,33.0
2011-11-27,08:00:00,23.7
2011-11-27,09:00:00,23.5
2011-11-27,10:00:00,24.0
2011-11-27,11:00:00,26.2
2011-11-27,12:00:00,28.7
2011-11-27,13:00:00,30.7
2011-11-27,14:00:00,31.6
2011-11-27,15:00:00,33.0
2011-11-27,16:00:00,33.4
2011-11-27,17:00:00,34.3
2011-11-27,18:00:00,34.5
2011-11-28,08:00:00,22.2
2011-11-28,09:00:00,21.7
2011-11-28,10:00:00,22.5
2011-11-28,11:00:00,26.0
2011-11-28,12:00:00,28.3
2011-11-28,13:00:00,29.7
2011-11-28,14:00:00,31.4
2011-11-28,15:00:00,32.3
2011-11-28,16:00:00,33.5
2011-11-28,17:00:00,34.4
2011-11-28,18:00:00,34.3
2011-11-29,08:00:00,23.0
2011-11-29,09:00:00,22.8
2011-11-29,10:00:00,23.3
2011-11-29,11:00:00,25.7
2011-11-29,12:00:00,28.6
2011-11-29,13:00:00,30.2
2011-11-29,14:00:00,31.7
2011-11-29,15:00:00,32.4
2011-11-29,16:00:00,33.4
2011-11-29,17:00:00,33.8
2011-11-29,18:00:00,34.3
2011-11-30,08:00:00,24.4
2011-11-30,09:00:00,24.4
2011-11-30,10:00:00,25.0
2011-11-30,11:00:00,27.3
2011-11-30,12:00:00,29.2
2011-11-30,13:00:00,30.9
2011-11-30,14:00:00,32.3
2011-11-30,15:00:00,32.9
2011-11-30,16:00:00,33.8
2011-11-30,17:00:00,34.1
2011-11-30,18:00:00,34.0
2011-12-01,08:00:00,23.0
2011-12-01,09:00:00,22.7
2011-12-01,10:00:00,24.1
2011-12-01,11:00:00,26.2
2011-12-01,12:00:00,27.6
2011-12-01,13:00:00,29.2
2011-12-01,14:00:00,30.7
2011-12-01,15:00:00,31.5
2011-12-01,16:00:00,32.4
2011-12-01,17:00:00,33.4
2011-12-01,18:00:00,32.7
2011-12-02,08:00:00,24.1
2011-12-02,09:00:00,23.8
2011-12-02,10:00:00,24.6
2011-12-02,11:00:00,26.6
2011-12-02,12:00:00,28.8
2011-12-02,13:00:00,29.5
2011-12-02,14:00:00,30.0
2011-12-02,15:00:00,31.9
2011-12-02,16:00:00,32.3
2011-12-02,17:00:00,32.6
2011-12-02,18:00:00,32.3
2011-12-03,08:00:00,22.9
2011-12-03,09:00:00,22.3
2011-12-03,10:00:00,23.2
2011-12-03,11:00:00,25.2
2011-12-03,12:00:00,28.5
2011-12-03,13:00:00,30.2
2011-12-03,14:00:00,30.7
2011-12-03,15:00:00,31.5
2011-12-03,16:00:00,33.3
2011-12-03,17:00:00,33.6
2011-12-03,18:00:00,33.4
2011-12-04,08:00:00,22.8
2011-12-04,09:00:00,22.6
2011-12-04,10:00:00,23.7
2011-12-04,11:00:00,26.2
2011-12-04,12:00:00,28.5
2011-12-04,13:00:00,29.9
2011-12-04,14:00:00,31.6
2011-12-04,15:00:00,32.3
2011-12-04,16:00:00,33.4
2011-12-04,17:00:00,33.6
2011-12-04,18:00:00,33.9
2011-12-05,08:00:00,22.7
2011-12-05,09:00:00,21.4
2011-12-05,10:00:00,21.6
2011-12-05,11:00:00,24.1
2011-12-05,12:00:00,27.7
2011-12-05,13:00:00,29.6
2011-12-05,14:00:00,31.7
2011-12-05,15:00:00,32.3
2011-12-05,16:00:00,33.0
2011-12-05,17:00:00,33.8
2011-12-05,18:00:00,34.1
2011-12-06,08:00:00,23.7
2011-12-06,09:00:00,22.6
2011-12-06,10:00:00,22.9
2011-12-06,11:00:00,25.3
2011-12-06,12:00:00,28.4
2011-12-06,13:00:00,30.0
2011-12-06,14:00:00,32.1
2011-12-06,15:00:00,33.0
2011-12-06,16:00:00,33.7
2011-12-06,17:00:00,34.1
2011-12-06,18:00:00,34.8
2011-12-07,08:00:00,23.2
2011-12-07,09:00:00,22.5
2011-12-07,10:00:00,23.6
2011-12-07,11:00:00,26.6
2011-12-07,12:00:00,28.7
2011-12-07,13:00:00,30.6
2011-12-07,14:00:00,31.4
2011-12-07,15:00:00,32.7
2011-12-07,16:00:00,33.3
2011-12-07,17:00:00,33.9
2011-12-07,18:00:00,33.6
2011-12-08,08:00:00,22.4
2011-12-08,09:00:00,22.8
2011-12-08,10:00:00,23.2
2011-12-08,11:00:00,26.3
2011-12-08,12:00:00,28.6
2011-12-08,13:00:00,29.7
2011-12-08,14:00:00,31.1
2011-12-08,15:00:00,31.6
2011-12-08,16:00:00,32.5
2011-12-08,17:00:00,33.4
2011-12-08,18:00:00,33.3
2011-12-09,08:00:00,23.7
2011-12-09,09:00:00,23.5
2011-12-09,10:00:00,24.2
2011-12-09,11:00:00,27.0
2011-12-09,12:00:00,28.8
2011-12-09,13:00:00,30.3
2011-12-09,14:00:00,31.3
2011-12-09,15:00:00,32.6
2011-12-09,16:00:00,33.9
2011-12-09,17:00:00,34.0
2011-12-09,18:00:00,34.3
2011-12-10,08:00:00,22.9
2011-12-10,09:00:00,23.3
2011-12-10,10:00:00,22.5
2011-12-10,11:00:00,24.4
2011-12-10,12:00:00,28.6
2011-12-10,13:00:00,30.2
2011-12-10,14:00:00,31.7
2011-12-10,15:00:00,33.1
2011-12-10,16:00:00,33.6
2011-12-10,17:00:00,33.8
2011-12-10,18:00:00,34.6
2011-12-11,08:00:00,23.8
2011-12-11,09:00:00,23.4
2011-12-11,10:00:00,23.5
2011-12-11,11:00:00,26.0
2011-12-11,12:00:00,28.8
2011-12-11,13:00:00,30.0
2011-12-11,14:00:00,31.5
2011-12-11,15:00:00,33.1
2011-12-11,16:00:00,33.2
2011-12-11,17:00:00,33.5
2011-12-11,18:00:00,33.1
2011-12-12,08:00:00,22.1
2011-12-12,09:00:00,21.9
2011-12-12,10:00:00,22.4
2011-12-12,11:00:00,25.6
2011-12-12,12:00:00,28.4
2011-12-12,13:00:00,30.1
2011-12-12,14:00:00,32.6
2011-12-12,15:00:00,33.3
2011-12-12,16:00:00,34.2
2011-12-12,17:00:00,34.6
2011-12-12,18:00:00,34.7
2011-12-13,08:00:00,24.1
2011-12-13,09:00:00,24.0
2011-12-13,10:00:00,24.8
2011-12-13,11:00:00,26.7
2011-12-13,12:00:00,28.6
2011-12-13,13:00:00,29.8
2011-12-13,14:00:00,31.6
2011-12-13,15:00:00,33.2
2011-12-13,16:00:00,33.3
2011-12-13,17:00:00,34.2
2011-12-13,18:00:00,34.1
2011-12-14,08:00:00,24.2
2011-12-14,09:00:00,23.2
2011-12-14,10:00:00,23.6
2011-12-14,11:00:00,26.4
2011-12-14,12:00:00,28.7
2011-12-14,13:00:00,30.4
2011-12-14,14:00:00,32.2
2011-12-14,15:00:00,32.3
2011-12-14,16:00:00,33.3
2011-12-14,17:00:00,32.6
2011-12-14,18:00:00,33.3
2011-12-15,08:00:00,24.7
2011-12-15,09:00:00,24.4
2011-12-15,10:00:00,25.0
2011-12-15,11:00:00,26.9
2011-12-15,12:00:00,29.4
2011-12-15,13:00:00,31.1
2011-12-15,14:00:00,32.1
2011-12-15,15:00:00,32.9
2011-12-15,16:00:00,33.5
2011-12-15,17:00:00,34.4
2011-12-15,18:00:00,33.8
2011-12-16,08:00:00,23.2
2011-12-16,09:00:00,23.6
2011-12-16,10:00:00,24.0
2011-12-16,11:00:00,25.7
2011-12-16,12:00:00,27.4
2011-12-16,13:00:00,29.7
2011-12-16,14:00:00,32.0
2011-12-16,15:00:00,32.7
2011-12-16,16:00:00,33.7
2011-12-16,17:00:00,33.9
2011-12-16,18:00:00,34.0
2011-12-17,08:00:00,22.9
2011-12-17,09:00:00,22.7
2011-12-17,10:00:00,23.6
2011-12-17,11:00:00,26.3
2011-12-17,12:00:00,28.4
2011-12-17,13:00:00,30.3
2011-12-17,14:00:00,31.9
2011-12-17,15:00:00,33.4
2011-12-17,16:00:00,33.8
2011-12-17,17:00:00,35.0
2011-12-17,18:00:00,35.4
2011-12-18,08:00:00,21.5
2011-12-18,09:00:00,21.3
2011-12-18,10:00:00,22.0
2011-12-18,11:00:00,24.7
2011-12-18,12:00:00,28.6
2011-12-18,13:00:00,29.5
2011-12-18,14:00:00,31.2
2011-12-18,15:00:00,32.9
2011-12-18,16:00:00,32.9
2011-12-18,17:00:00,33.1
2011-12-18,18:00:00,33.2
2011-12-19,08:00:00,22.8
2011-12-19,09:00:00,23.3
2011-12-19,10:00:00,24.4
2011-12-19,11:00:00,26.4
2011-12-19,12:00:00,28.9
2011-12-19,13:00:00,30.9
2011-12-19,14:00:00,32.0
2011-12-19,15:00:00,33.0
2011-12-19,16:00:00,33.9
2011-12-19,17:00:00,34.1
2011-12-19,18:00:00,34.3
2011-12-20,08:00:00,24.0
2011-12-20,09:00:00,24.1
2011-12-20,10:00:00,24.5
2011-12-20,11:00:00,26.8
2011-12-20,12:00:00,28.8
2011-12-20,13:00:00,30.3
2011-12-20,14:00:00,31.5
2011-12-20,15:00:00,33.9
2011-12-20,16:00:00,34.5
2011-12-20,17:00:00,35.5
2011-12-20,18:00:00,35.4
2011-12-21,08:00:00,23.0
2011-12-21,09:00:00,22.8
2011-12-21,10:00:00,23.6
2011-12-21,11:00:00,26.2
2011-12-21,12:00:00,28.9
2011-12-21,13:00:00,30.0
2011-12-21,14:00:00,32.2
2011-12-21,15:00:00,33.1
2011-12-21,16:00:00,33.3
2011-12-21,17:00:00,31.8
2011-12-21,18:00:00,29.2
2011-12-22,08:00:00,23.3
2011-12-22,09:00:00,22.9
2011-12-22,10:00:00,23.5
2011-12-22,11:00:00,26.0
2011-12-22,12:00:00,28.3
2011-12-22,13:00:00,30.9
2011-12-22,14:00:00,32.5
2011-12-22,15:00:00,33.0
2011-12-22,16:00:00,34.0
2011-12-22,17:00:00,34.0
2011-12-22,18:00:00,34.3
2011-12-23,08:00:00,23.1
2011-12-23,09:00:00,23.6
2011-12-23,10:00:00,24.5
2011-12-23,11:00:00,26.4
2011-12-23,12:00:00,28.7
2011-12-23,13:00:00,30.5
2011-12-23,14:00:00,31.7
2011-12-23,15:00:00,32.4
2011-12-23,16:00:00,33.1
2011-12-23,17:00:00,33.2
2011-12-23,18:00:00,33.1
2011-12-24,08:00:00,23.7
2011-12-24,09:00:00,23.6
2011-12-24,10:00:00,23.2
2011-12-24,11:00:00,26.0
2011-12-24,12:00:00,28.1
2011-12-24,13:00:00,29.3
2011-12-24,14:00:00,31.5
2011-12-24,15:00:00,32.2
2011-12-24,16:00:00,33.4
2011-12-24,17:00:00,34.3
2011-12-24,18:00:00,34.1
2011-12-25,08:00:00,23.5
2011-12-25,09:00:00,22.2
2011-12-25,10:00:00,23.1
2011-12-25,11:00:00,25.7
2011-12-25,12:00:00,27.0
2011-12-25,13:00:00,29.1
2011-12-25,14:00:00,31.0
2011-12-25,15:00:00,32.9
2011-12-25,16:00:00,33.2
2011-12-25,17:00:00,33.2
2011-12-25,18:00:00,34.2
2011-12-26,08:00:00,23.2
2011-12-26,09:00:00,23.0
2011-12-26,10:00:00,23.5
2011-12-26,11:00:00,25.6
2011-12-26,12:00:00,28.6
2011-12-26,13:00:00,29.2
2011-12-26,14:00:00,30.3
2011-12-26,15:00:00,31.8
2011-12-26,16:00:00,32.7
2011-12-26,17:00:00,33.7
2011-12-26,18:00:00,33.3
2011-12-27,08:00:00,24.2
2011-12-27,09:00:00,23.8
2011-12-27,10:00:00,24.4
2011-12-27,11:00:00,26.1
2011-12-27,12:00:00,28.6
2011-12-27,13:00:00,30.8
2011-12-27,14:00:00,31.1
2011-12-27,15:00:00,32.1
2011-12-27,16:00:00,32.2
2011-12-27,17:00:00,32.8
2011-12-27,18:00:00,31.5
2011-12-28,08:00:00,24.5
2011-12-28,09:00:00,24.5
2011-12-28,10:00:00,24.9
2011-12-28,11:00:00,25.7
2011-12-28,12:00:00,27.2
2011-12-28,13:00:00,28.4
2011-12-28,14:00:00,30.7
2011-12-28,15:00:00,31.2
2011-12-28,16:00:00,31.5
2011-12-28,17:00:00,32.9
2011-12-28,18:00:00,33.2
2011-12-29,08:00:00,23.8
2011-12-29,09:00:00,23.9
2011-12-29,10:00:00,23.8
2011-12-29,11:00:00,26.1
2011-12-29,12:00:00,28.5
2011-12-29,13:00:00,30.0
2011-12-29,14:00:00,32.2
2011-12-29,15:00:00,32.6
2011-12-29,16:00:00,33.6
2011-12-29,17:00:00,34.7
2011-12-29,18:00:00,34.0
2011-12-30,08:00:00,24.3
2011-12-30,09:00:00,24.2
2011-12-30,10:00:00,23.2
2011-12-30,11:00:00,26.4
2011-12-30,12:00:00,28.7
2011-12-30,13:00:00,31.0
2011-12-30,14:00:00,31.8
2011-12-30,15:00:00,32.9
2011-12-30,16:00:00,34.5
2011-12-30,17:00:00,33.9
2011-12-30,18:00:00,33.4
2011-12-31,08:00:00,23.5
2011-12-31,09:00:00,22.8
2011-12-31,10:00:00,23.1
2011-12-31,11:00:00,25.4
2011-12-31,12:00:00,28.1
2011-12-31,13:00:00,30.1
2011-12-31,14:00:00,31.3
2011-12-31,15:00:00,31.9
2011-12-31,16:00:00,32.2
2011-12-31,17:00:00,32.7
2011-12-31,18:00:00,29.9
